locus	gene	cell_type	config	component	prior_variance	top_variant	top_alpha	is_credible_component
OVOL1/RELA	SIPA1	CD8_ET	PF10_L5	1	0.0100799895243334	11:65473798	0.14502967202639	FALSE
OVOL1/RELA	SIPA1	CD8_ET	PF10_L5	2	0.000469049942745072	11:65293819	0.0015228253584299	FALSE
OVOL1/RELA	SIPA1	CD8_ET	PF10_L5	3	0.000468239839122199	11:65293819	0.00152062730008927	FALSE
OVOL1/RELA	SIPA1	CD8_ET	PF10_L5	4	0.000466396145087135	11:65293819	0.00151560363564801	FALSE
OVOL1/RELA	SIPA1	CD8_ET	PF10_L5	5	0.00046226821429629	11:65293819	0.00150434771666792	FALSE
OVOL1/RELA	SIPA1	CD8_ET	PF10_L10	1	0.000936600679844483	11:65473798	0.0033363268392841	FALSE
OVOL1/RELA	SIPA1	CD8_ET	PF10_L10	2	0.000909103297931782	11:65473798	0.00320763019851209	FALSE
OVOL1/RELA	SIPA1	CD8_ET	PF10_L10	3	0.000897860359411196	11:65473798	0.00315579816142876	FALSE
OVOL1/RELA	SIPA1	CD8_ET	PF10_L10	4	0.000908420695597851	11:65473798	0.00320446676898972	FALSE
OVOL1/RELA	SIPA1	CD8_ET	PF10_L10	5	0.000937651812109856	11:65473798	0.00334135853654047	FALSE
OVOL1/RELA	SIPA1	CD8_ET	PF10_L10	6	0.00097352023578556	11:65473798	0.00351364032327835	FALSE
OVOL1/RELA	SIPA1	CD8_ET	PF10_L10	7	0.00100141896259554	11:65473798	0.00365090323041755	FALSE
OVOL1/RELA	SIPA1	CD8_ET	PF10_L10	8	0.00101226186961267	11:65473798	0.00370501148291178	FALSE
OVOL1/RELA	SIPA1	CD8_ET	PF10_L10	9	0.00100506539741909	11:65473798	0.00366904626991998	FALSE
OVOL1/RELA	SIPA1	CD8_ET	PF10_L10	10	0.000983830453271183	11:65473798	0.00356405559267425	FALSE
OVOL1/RELA	SIPA1	CD8_ET	PF10_L20	1	0.000546541082995715	11:65473798	0.00185482706623897	FALSE
OVOL1/RELA	SIPA1	CD8_ET	PF10_L20	2	0.000524246708394478	11:65473798	0.00177757000612184	FALSE
OVOL1/RELA	SIPA1	CD8_ET	PF10_L20	3	0.00049922079398797	11:65473798	0.00169288865083263	FALSE
OVOL1/RELA	SIPA1	CD8_ET	PF10_L20	4	0.000472805892351849	11:65473798	0.00160584204253939	FALSE
OVOL1/RELA	SIPA1	CD8_ET	PF10_L20	5	0.000446648300992135	11:65473798	0.00152199783838263	FALSE
OVOL1/RELA	SIPA1	CD8_ET	PF10_L20	6	0.000422875008726375	11:65473798	0.00144782066538226	FALSE
OVOL1/RELA	SIPA1	CD8_ET	PF10_L20	7	0.000404006884765361	11:65473798	0.00139031502909094	FALSE
OVOL1/RELA	SIPA1	CD8_ET	PF10_L20	8	0.00039253575449033	11:65473798	0.00135594188705617	FALSE
OVOL1/RELA	SIPA1	CD8_ET	PF10_L20	9	0.000390318344258686	11:65473798	0.0013493470006599	FALSE
OVOL1/RELA	SIPA1	CD8_ET	PF10_L20	10	0.000398094433694246	11:65473798	0.00137254029932952	FALSE
OVOL1/RELA	SIPA1	CD8_ET	PF10_L20	11	0.000415322517630817	11:65473798	0.00142466132867818	FALSE
OVOL1/RELA	SIPA1	CD8_ET	PF10_L20	12	0.000440275649102524	11:65473798	0.00150194781912516	FALSE
OVOL1/RELA	SIPA1	CD8_ET	PF10_L20	13	0.000470239033916509	11:65473798	0.00159756404586082	FALSE
OVOL1/RELA	SIPA1	CD8_ET	PF10_L20	14	0.000501785840840867	11:65473798	0.00170155854582968	FALSE
OVOL1/RELA	SIPA1	CD8_ET	PF10_L20	15	0.000531228841918685	11:65473798	0.00180170337323318	FALSE
OVOL1/RELA	SIPA1	CD8_ET	PF10_L20	16	0.000555258205229015	11:65473798	0.00188564650410814	FALSE
OVOL1/RELA	SIPA1	CD8_ET	PF10_L20	17	0.000571560740553921	11:65473798	0.0019437291624989	FALSE
OVOL1/RELA	SIPA1	CD8_ET	PF10_L20	18	0.000579132846454925	11:65473798	0.00197101655759449	FALSE
OVOL1/RELA	SIPA1	CD8_ET	PF10_L20	19	0.000578170851245483	11:65473798	0.00196753536303698	FALSE
OVOL1/RELA	SIPA1	CD8_ET	PF10_L20	20	0.000569675511110564	11:65473798	0.00193695888178337	FALSE
OVOL1/RELA	SIPA1	CD8_ET	PF50_L10	1	0.000957117529384255	11:65473798	0.00339607187873675	FALSE
OVOL1/RELA	SIPA1	CD8_ET	PF50_L10	2	0.000929252606437338	11:65473798	0.00326522527732676	FALSE
OVOL1/RELA	SIPA1	CD8_ET	PF50_L10	3	0.000915451323985562	11:65473798	0.00320145516786535	FALSE
OVOL1/RELA	SIPA1	CD8_ET	PF50_L10	4	0.000921692876263073	11:65473798	0.00323020531325125	FALSE
OVOL1/RELA	SIPA1	CD8_ET	PF50_L10	5	0.000946467543128577	11:65473798	0.00334576710493357	FALSE
OVOL1/RELA	SIPA1	CD8_ET	PF50_L10	6	0.000979896556845012	11:65473798	0.00350526231992522	FALSE
OVOL1/RELA	SIPA1	CD8_ET	PF50_L10	7	0.00100846172148848	11:65473798	0.00364477455847457	FALSE
OVOL1/RELA	SIPA1	CD8_ET	PF50_L10	8	0.00102234848844375	11:65473798	0.00371366098630895	FALSE
OVOL1/RELA	SIPA1	CD8_ET	PF50_L10	9	0.00101898891953934	11:65473798	0.00369692674165944	FALSE
OVOL1/RELA	SIPA1	CD8_ET	PF50_L10	10	0.00100118024699073	11:65473798	0.00360894174894595	FALSE
TNFSF12/13	EIF4A1	CD4_NC	PF10_L5	1	0.0134028074659358	17:7452078	0.116185706063193	FALSE
TNFSF12/13	EIF4A1	CD4_NC	PF10_L5	2	0	17:6479207	0.000284171639670361	FALSE
TNFSF12/13	EIF4A1	CD4_NC	PF10_L5	3	0	17:6479207	0.000284171639670361	FALSE
TNFSF12/13	EIF4A1	CD4_NC	PF10_L5	4	0	17:6479207	0.000284171639670361	FALSE
TNFSF12/13	EIF4A1	CD4_NC	PF10_L5	5	0	17:6479207	0.000284171639670361	FALSE
TNFSF12/13	EIF4A1	CD4_NC	PF10_L10	1	0.0134028074659358	17:7452078	0.116185706063193	FALSE
TNFSF12/13	EIF4A1	CD4_NC	PF10_L10	2	0	17:6479207	0.000284171639670361	FALSE
TNFSF12/13	EIF4A1	CD4_NC	PF10_L10	3	0	17:6479207	0.000284171639670361	FALSE
TNFSF12/13	EIF4A1	CD4_NC	PF10_L10	4	0	17:6479207	0.000284171639670361	FALSE
TNFSF12/13	EIF4A1	CD4_NC	PF10_L10	5	0	17:6479207	0.000284171639670361	FALSE
TNFSF12/13	EIF4A1	CD4_NC	PF10_L10	6	0	17:6479207	0.000284171639670361	FALSE
TNFSF12/13	EIF4A1	CD4_NC	PF10_L10	7	0	17:6479207	0.000284171639670361	FALSE
TNFSF12/13	EIF4A1	CD4_NC	PF10_L10	8	0	17:6479207	0.000284171639670361	FALSE
TNFSF12/13	EIF4A1	CD4_NC	PF10_L10	9	0	17:6479207	0.000284171639670361	FALSE
TNFSF12/13	EIF4A1	CD4_NC	PF10_L10	10	0	17:6479207	0.000284171639670361	FALSE
TNFSF12/13	EIF4A1	CD4_NC	PF10_L20	1	0.0134028074659358	17:7452078	0.116185706063193	FALSE
TNFSF12/13	EIF4A1	CD4_NC	PF10_L20	2	0	17:6479207	0.000284171639670361	FALSE
TNFSF12/13	EIF4A1	CD4_NC	PF10_L20	3	0	17:6479207	0.000284171639670361	FALSE
TNFSF12/13	EIF4A1	CD4_NC	PF10_L20	4	0	17:6479207	0.000284171639670361	FALSE
TNFSF12/13	EIF4A1	CD4_NC	PF10_L20	5	0	17:6479207	0.000284171639670361	FALSE
TNFSF12/13	EIF4A1	CD4_NC	PF10_L20	6	0	17:6479207	0.000284171639670361	FALSE
TNFSF12/13	EIF4A1	CD4_NC	PF10_L20	7	0	17:6479207	0.000284171639670361	FALSE
TNFSF12/13	EIF4A1	CD4_NC	PF10_L20	8	0	17:6479207	0.000284171639670361	FALSE
TNFSF12/13	EIF4A1	CD4_NC	PF10_L20	9	0	17:6479207	0.000284171639670361	FALSE
TNFSF12/13	EIF4A1	CD4_NC	PF10_L20	10	0	17:6479207	0.000284171639670361	FALSE
TNFSF12/13	EIF4A1	CD4_NC	PF10_L20	11	0	17:6479207	0.000284171639670361	FALSE
TNFSF12/13	EIF4A1	CD4_NC	PF10_L20	12	0	17:6479207	0.000284171639670361	FALSE
TNFSF12/13	EIF4A1	CD4_NC	PF10_L20	13	0	17:6479207	0.000284171639670361	FALSE
TNFSF12/13	EIF4A1	CD4_NC	PF10_L20	14	0	17:6479207	0.000284171639670361	FALSE
TNFSF12/13	EIF4A1	CD4_NC	PF10_L20	15	0	17:6479207	0.000284171639670361	FALSE
TNFSF12/13	EIF4A1	CD4_NC	PF10_L20	16	0	17:6479207	0.000284171639670361	FALSE
TNFSF12/13	EIF4A1	CD4_NC	PF10_L20	17	0	17:6479207	0.000284171639670361	FALSE
TNFSF12/13	EIF4A1	CD4_NC	PF10_L20	18	0	17:6479207	0.000284171639670361	FALSE
TNFSF12/13	EIF4A1	CD4_NC	PF10_L20	19	0	17:6479207	0.000284171639670361	FALSE
TNFSF12/13	EIF4A1	CD4_NC	PF10_L20	20	0	17:6479207	0.000284171639670361	FALSE
TNFSF12/13	EIF4A1	CD4_NC	PF50_L10	1	0.0134028074659358	17:7452078	0.116185706063193	FALSE
TNFSF12/13	EIF4A1	CD4_NC	PF50_L10	2	0	17:6479207	0.000284171639670361	FALSE
TNFSF12/13	EIF4A1	CD4_NC	PF50_L10	3	0	17:6479207	0.000284171639670361	FALSE
TNFSF12/13	EIF4A1	CD4_NC	PF50_L10	4	0	17:6479207	0.000284171639670361	FALSE
TNFSF12/13	EIF4A1	CD4_NC	PF50_L10	5	0	17:6479207	0.000284171639670361	FALSE
TNFSF12/13	EIF4A1	CD4_NC	PF50_L10	6	0	17:6479207	0.000284171639670361	FALSE
TNFSF12/13	EIF4A1	CD4_NC	PF50_L10	7	0	17:6479207	0.000284171639670361	FALSE
TNFSF12/13	EIF4A1	CD4_NC	PF50_L10	8	0	17:6479207	0.000284171639670361	FALSE
TNFSF12/13	EIF4A1	CD4_NC	PF50_L10	9	0	17:6479207	0.000284171639670361	FALSE
TNFSF12/13	EIF4A1	CD4_NC	PF50_L10	10	0	17:6479207	0.000284171639670361	FALSE
TNFSF12/13	SAT2	B_IN	PF10_L5	1	0.0187290692037926	17:7482779	0.324906525540454	FALSE
TNFSF12/13	SAT2	B_IN	PF10_L5	2	0	17:6530904	0.00029171528588098	FALSE
TNFSF12/13	SAT2	B_IN	PF10_L5	3	0	17:6530904	0.00029171528588098	FALSE
TNFSF12/13	SAT2	B_IN	PF10_L5	4	0	17:6530904	0.00029171528588098	FALSE
TNFSF12/13	SAT2	B_IN	PF10_L5	5	0	17:6530904	0.00029171528588098	FALSE
TNFSF12/13	SAT2	B_IN	PF10_L10	1	0.0187290692037926	17:7482779	0.324906525540454	FALSE
TNFSF12/13	SAT2	B_IN	PF10_L10	2	0	17:6530904	0.00029171528588098	FALSE
TNFSF12/13	SAT2	B_IN	PF10_L10	3	0	17:6530904	0.00029171528588098	FALSE
TNFSF12/13	SAT2	B_IN	PF10_L10	4	0	17:6530904	0.00029171528588098	FALSE
TNFSF12/13	SAT2	B_IN	PF10_L10	5	0	17:6530904	0.00029171528588098	FALSE
TNFSF12/13	SAT2	B_IN	PF10_L10	6	0	17:6530904	0.00029171528588098	FALSE
TNFSF12/13	SAT2	B_IN	PF10_L10	7	0	17:6530904	0.00029171528588098	FALSE
TNFSF12/13	SAT2	B_IN	PF10_L10	8	0	17:6530904	0.00029171528588098	FALSE
TNFSF12/13	SAT2	B_IN	PF10_L10	9	0	17:6530904	0.00029171528588098	FALSE
TNFSF12/13	SAT2	B_IN	PF10_L10	10	0	17:6530904	0.00029171528588098	FALSE
TNFSF12/13	SAT2	B_IN	PF10_L20	1	0.0187290692037926	17:7482779	0.324906525540454	FALSE
TNFSF12/13	SAT2	B_IN	PF10_L20	2	0	17:6530904	0.00029171528588098	FALSE
TNFSF12/13	SAT2	B_IN	PF10_L20	3	0	17:6530904	0.00029171528588098	FALSE
TNFSF12/13	SAT2	B_IN	PF10_L20	4	0	17:6530904	0.00029171528588098	FALSE
TNFSF12/13	SAT2	B_IN	PF10_L20	5	0	17:6530904	0.00029171528588098	FALSE
TNFSF12/13	SAT2	B_IN	PF10_L20	6	0	17:6530904	0.00029171528588098	FALSE
TNFSF12/13	SAT2	B_IN	PF10_L20	7	0	17:6530904	0.00029171528588098	FALSE
TNFSF12/13	SAT2	B_IN	PF10_L20	8	0	17:6530904	0.00029171528588098	FALSE
TNFSF12/13	SAT2	B_IN	PF10_L20	9	0	17:6530904	0.00029171528588098	FALSE
TNFSF12/13	SAT2	B_IN	PF10_L20	10	0	17:6530904	0.00029171528588098	FALSE
TNFSF12/13	SAT2	B_IN	PF10_L20	11	0	17:6530904	0.00029171528588098	FALSE
TNFSF12/13	SAT2	B_IN	PF10_L20	12	0	17:6530904	0.00029171528588098	FALSE
TNFSF12/13	SAT2	B_IN	PF10_L20	13	0	17:6530904	0.00029171528588098	FALSE
TNFSF12/13	SAT2	B_IN	PF10_L20	14	0	17:6530904	0.00029171528588098	FALSE
TNFSF12/13	SAT2	B_IN	PF10_L20	15	0	17:6530904	0.00029171528588098	FALSE
TNFSF12/13	SAT2	B_IN	PF10_L20	16	0	17:6530904	0.00029171528588098	FALSE
TNFSF12/13	SAT2	B_IN	PF10_L20	17	0	17:6530904	0.00029171528588098	FALSE
TNFSF12/13	SAT2	B_IN	PF10_L20	18	0	17:6530904	0.00029171528588098	FALSE
TNFSF12/13	SAT2	B_IN	PF10_L20	19	0	17:6530904	0.00029171528588098	FALSE
TNFSF12/13	SAT2	B_IN	PF10_L20	20	0	17:6530904	0.00029171528588098	FALSE
TNFSF12/13	SAT2	B_IN	PF50_L10	1	0.0187290692037926	17:7482779	0.324906525540454	FALSE
TNFSF12/13	SAT2	B_IN	PF50_L10	2	0	17:6530904	0.00029171528588098	FALSE
TNFSF12/13	SAT2	B_IN	PF50_L10	3	0	17:6530904	0.00029171528588098	FALSE
TNFSF12/13	SAT2	B_IN	PF50_L10	4	0	17:6530904	0.00029171528588098	FALSE
TNFSF12/13	SAT2	B_IN	PF50_L10	5	0	17:6530904	0.00029171528588098	FALSE
TNFSF12/13	SAT2	B_IN	PF50_L10	6	0	17:6530904	0.00029171528588098	FALSE
TNFSF12/13	SAT2	B_IN	PF50_L10	7	0	17:6530904	0.00029171528588098	FALSE
TNFSF12/13	SAT2	B_IN	PF50_L10	8	0	17:6530904	0.00029171528588098	FALSE
TNFSF12/13	SAT2	B_IN	PF50_L10	9	0	17:6530904	0.00029171528588098	FALSE
TNFSF12/13	SAT2	B_IN	PF50_L10	10	0	17:6530904	0.00029171528588098	FALSE
