maf	causal_r2	matched_H4_rate	mismatch_H4_rate	decision_flip_rate	mean_abs_H4_delta
0.05	0.2	0.009111111111111111	0.009111111111111111	0.00011111111111111112	2.363040856815696e-05
0.05	0.5	0.0003333333333333333	0.0003333333333333333	0.0	1.5584560879175016e-07
0.05	0.8	0.0	0.0	0.0	0.0
0.2	0.2	0.27155555555555555	0.27011111111111114	0.0032222222222222222	0.0035316593040455335
0.2	0.5	0.019333333333333334	0.019444444444444445	0.00022222222222222223	0.00023493070619823428
0.2	0.8	0.0003333333333333333	0.0003333333333333333	0.0	4.425384016215617e-07
0.4	0.2	0.48277777777777775	0.48033333333333333	0.005888888888888889	0.005664739257757923
0.4	0.5	0.06888888888888889	0.06855555555555555	0.0013333333333333333	0.0010909690992706093
0.4	0.8	0.002111111111111111	0.002111111111111111	0.0	2.494416383869918e-06
