SNP	Index	PIP	Credible_Set	gene	celltype
10:79145162:C:T	744	0.125183954359384	1	ENSG00000108175	NK
10:79145785:C:T	748	0.211933510377223	1	ENSG00000108175	NK
10:79147570:C:A	756	0.241573261463494	1	ENSG00000108175	NK
10:79147983:C:T	758	0.394216870504787	1	ENSG00000108175	NK
10:79278043:G:T	1274	0.0210780755002069	2	ENSG00000108175	NK
10:79278312:T:C	1276	0.0394384496404639	2	ENSG00000108175	NK
10:79279126:G:A	1281	0.0377593300153465	2	ENSG00000108175	NK
10:79279367:G:C	1284	0.0904266827819806	2	ENSG00000108175	NK
10:79280274:G:A	1290	0.0501561068695612	2	ENSG00000108175	NK
10:79280452:T:G	1291	0.0484178852156805	2	ENSG00000108175	NK
10:79280575:GAC:G	1292	0.0484178852156805	2	ENSG00000108175	NK
10:79280581:G:T	1293	0.0484178852156805	2	ENSG00000108175	NK
10:79282036:G:A	1301	0.0448535752745534	2	ENSG00000108175	NK
10:79287258:G:A	1318	0.268096792616994	2	ENSG00000108175	NK
10:79287585:A:C	1320	0.256197215137467	2	ENSG00000108175	NK
10:79288401:T:G	1324	0.0386912567027279	2	ENSG00000108175	NK
