locus_index	member	uncompressed_bytes	compressed_bytes	crc32	local_status
1	GJOKA_SUMSTATS/covmat_1.ld	2347582	787572	92303eb2	PENDING_DOWNLOAD_OR_EXISTING_BYTE_VALIDATION
10	GJOKA_SUMSTATS/covmat_10.ld	44609585	15670805	5089e64f	PENDING_DOWNLOAD_OR_EXISTING_BYTE_VALIDATION
11	GJOKA_SUMSTATS/covmat_11.ld	41571971	14323575	54567046	PENDING_DOWNLOAD_OR_EXISTING_BYTE_VALIDATION
12	GJOKA_SUMSTATS/covmat_12.ld	128119420	44138043	3f080058	PENDING_DOWNLOAD_OR_EXISTING_BYTE_VALIDATION
14	GJOKA_SUMSTATS/covmat_14.ld	137493074	48357186	5dc0bfca	PENDING_DOWNLOAD_OR_EXISTING_BYTE_VALIDATION
15	GJOKA_SUMSTATS/covmat_15.ld	45751535	15745203	f4b19740	PENDING_DOWNLOAD_OR_EXISTING_BYTE_VALIDATION
16	GJOKA_SUMSTATS/covmat_16.ld	35945336	11255325	8d73fb4e	PENDING_DOWNLOAD_OR_EXISTING_BYTE_VALIDATION
18	GJOKA_SUMSTATS/covmat_18.ld	110300518	38418100	fca4eae1	PENDING_DOWNLOAD_OR_EXISTING_BYTE_VALIDATION
2	GJOKA_SUMSTATS/covmat_2.ld	57496850	20197634	7ce3830d	PENDING_DOWNLOAD_OR_EXISTING_BYTE_VALIDATION
20	GJOKA_SUMSTATS/covmat_20.ld	67187874	22975100	4a1e9b7c	PENDING_DOWNLOAD_OR_EXISTING_BYTE_VALIDATION
21	GJOKA_SUMSTATS/covmat_21.ld	59474556	20991037	0a72ef5a	PENDING_DOWNLOAD_OR_EXISTING_BYTE_VALIDATION
23	GJOKA_SUMSTATS/covmat_23.ld	64748020	22600400	0362605d	PENDING_DOWNLOAD_OR_EXISTING_BYTE_VALIDATION
24	GJOKA_SUMSTATS/covmat_24.ld	63061086	21095917	32e67900	PENDING_DOWNLOAD_OR_EXISTING_BYTE_VALIDATION
26	GJOKA_SUMSTATS/covmat_26.ld	108645603	38766306	56d30504	PENDING_DOWNLOAD_OR_EXISTING_BYTE_VALIDATION
27	GJOKA_SUMSTATS/covmat_27.ld	69923368	24174853	bf545693	PENDING_DOWNLOAD_OR_EXISTING_BYTE_VALIDATION
28	GJOKA_SUMSTATS/covmat_28.ld	29888199	10227904	49ccbb2f	PENDING_DOWNLOAD_OR_EXISTING_BYTE_VALIDATION
3	GJOKA_SUMSTATS/covmat_3.ld	34517636	12103824	5d4ea773	PENDING_DOWNLOAD_OR_EXISTING_BYTE_VALIDATION
30	GJOKA_SUMSTATS/covmat_30.ld	65670737	23051822	9bf5b0f3	PENDING_DOWNLOAD_OR_EXISTING_BYTE_VALIDATION
31	GJOKA_SUMSTATS/covmat_31.ld	98701895	34596883	d039832b	PENDING_DOWNLOAD_OR_EXISTING_BYTE_VALIDATION
32	GJOKA_SUMSTATS/covmat_32.ld	110220827	39090670	6987dd13	PENDING_DOWNLOAD_OR_EXISTING_BYTE_VALIDATION
33	GJOKA_SUMSTATS/covmat_33.ld	22786463	7765933	72365104	PENDING_DOWNLOAD_OR_EXISTING_BYTE_VALIDATION
34	GJOKA_SUMSTATS/covmat_34.ld	28845734	9951802	a9000dcb	PENDING_DOWNLOAD_OR_EXISTING_BYTE_VALIDATION
35	GJOKA_SUMSTATS/covmat_35.ld	50253428	16130751	82ec35ef	PENDING_DOWNLOAD_OR_EXISTING_BYTE_VALIDATION
36	GJOKA_SUMSTATS/covmat_36.ld	24723732	8479287	4fb40108	PENDING_DOWNLOAD_OR_EXISTING_BYTE_VALIDATION
38	GJOKA_SUMSTATS/covmat_38.ld	22539817	7969663	626ba24a	PENDING_DOWNLOAD_OR_EXISTING_BYTE_VALIDATION
39	GJOKA_SUMSTATS/covmat_39.ld	18593770	6164018	5974bdb7	PENDING_DOWNLOAD_OR_EXISTING_BYTE_VALIDATION
4	GJOKA_SUMSTATS/covmat_4.ld	72084475	24735373	7c348555	PENDING_DOWNLOAD_OR_EXISTING_BYTE_VALIDATION
40	GJOKA_SUMSTATS/covmat_40.ld	131788508	46420271	c2cf3f2a	PENDING_DOWNLOAD_OR_EXISTING_BYTE_VALIDATION
41	GJOKA_SUMSTATS/covmat_41.ld	135112018	47903819	7b3342dd	PENDING_DOWNLOAD_OR_EXISTING_BYTE_VALIDATION
42	GJOKA_SUMSTATS/covmat_42.ld	108442021	38232046	fe7a34b1	PENDING_DOWNLOAD_OR_EXISTING_BYTE_VALIDATION
43	GJOKA_SUMSTATS/covmat_43.ld	69659656	23912169	4c125c2a	PENDING_DOWNLOAD_OR_EXISTING_BYTE_VALIDATION
44	GJOKA_SUMSTATS/covmat_44.ld	88925328	30788223	4de2fb3a	PENDING_DOWNLOAD_OR_EXISTING_BYTE_VALIDATION
45	GJOKA_SUMSTATS/covmat_45.ld	49632350	16538583	a5429045	PENDING_DOWNLOAD_OR_EXISTING_BYTE_VALIDATION
46	GJOKA_SUMSTATS/covmat_46.ld	52282845	18472837	67176591	PENDING_DOWNLOAD_OR_EXISTING_BYTE_VALIDATION
47	GJOKA_SUMSTATS/covmat_47.ld	25592727	9080588	c9dd9877	PENDING_DOWNLOAD_OR_EXISTING_BYTE_VALIDATION
48	GJOKA_SUMSTATS/covmat_48.ld	21054160	6847714	bc703b2e	PENDING_DOWNLOAD_OR_EXISTING_BYTE_VALIDATION
49	GJOKA_SUMSTATS/covmat_49.ld	52011926	18779958	e8f505f7	PENDING_DOWNLOAD_OR_EXISTING_BYTE_VALIDATION
50	GJOKA_SUMSTATS/covmat_50.ld	21235846	6295859	fbe5cd59	PENDING_DOWNLOAD_OR_EXISTING_BYTE_VALIDATION
51	GJOKA_SUMSTATS/covmat_51.ld	61234387	8254683	7efc376f	PENDING_DOWNLOAD_OR_EXISTING_BYTE_VALIDATION
53	GJOKA_SUMSTATS/covmat_53.ld	20574211	7193371	5f8f652e	PENDING_DOWNLOAD_OR_EXISTING_BYTE_VALIDATION
54	GJOKA_SUMSTATS/covmat_54.ld	15411070	5507784	4907c885	PENDING_DOWNLOAD_OR_EXISTING_BYTE_VALIDATION
55	GJOKA_SUMSTATS/covmat_55.ld	22556116	7730268	54457bdb	PENDING_DOWNLOAD_OR_EXISTING_BYTE_VALIDATION
56	GJOKA_SUMSTATS/covmat_56.ld	13826408	4762746	df4db046	PENDING_DOWNLOAD_OR_EXISTING_BYTE_VALIDATION
6	GJOKA_SUMSTATS/covmat_6.ld	87905001	30546304	a80cb7d2	PENDING_DOWNLOAD_OR_EXISTING_BYTE_VALIDATION
7	GJOKA_SUMSTATS/covmat_7.ld	8395231	2956975	99e36c8b	PENDING_DOWNLOAD_OR_EXISTING_BYTE_VALIDATION
8	GJOKA_SUMSTATS/covmat_8.ld	49494863	16750227	81211d41	PENDING_DOWNLOAD_OR_EXISTING_BYTE_VALIDATION
9	GJOKA_SUMSTATS/covmat_9.ld	51366301	18125788	327dd06e	PENDING_DOWNLOAD_OR_EXISTING_BYTE_VALIDATION
1	GJOKA_SUMSTATS/sumstats_1.assoc.logistic	56066	16019	59489bcd	PENDING_DOWNLOAD_OR_EXISTING_BYTE_VALIDATION
10	GJOKA_SUMSTATS/sumstats_10.assoc.logistic	246213	70762	56afd83e	PENDING_DOWNLOAD_OR_EXISTING_BYTE_VALIDATION
11	GJOKA_SUMSTATS/sumstats_11.assoc.logistic	233053	67073	cb10ac47	PENDING_DOWNLOAD_OR_EXISTING_BYTE_VALIDATION
12	GJOKA_SUMSTATS/sumstats_12.assoc.logistic	413830	114253	23b64792	PENDING_DOWNLOAD_OR_EXISTING_BYTE_VALIDATION
14	GJOKA_SUMSTATS/sumstats_14.assoc.logistic	422687	121021	c5c3bfab	PENDING_DOWNLOAD_OR_EXISTING_BYTE_VALIDATION
15	GJOKA_SUMSTATS/sumstats_15.assoc.logistic	241862	71067	7040a1f0	PENDING_DOWNLOAD_OR_EXISTING_BYTE_VALIDATION
16	GJOKA_SUMSTATS/sumstats_16.assoc.logistic	218509	59348	c0505f47	PENDING_DOWNLOAD_OR_EXISTING_BYTE_VALIDATION
18	GJOKA_SUMSTATS/sumstats_18.assoc.logistic	376849	107046	761003ae	PENDING_DOWNLOAD_OR_EXISTING_BYTE_VALIDATION
2	GJOKA_SUMSTATS/sumstats_2.assoc.logistic	274517	79875	531d1656	PENDING_DOWNLOAD_OR_EXISTING_BYTE_VALIDATION
20	GJOKA_SUMSTATS/sumstats_20.assoc.logistic	292242	83658	1697539b	PENDING_DOWNLOAD_OR_EXISTING_BYTE_VALIDATION
21	GJOKA_SUMSTATS/sumstats_21.assoc.logistic	278338	80926	5053444c	PENDING_DOWNLOAD_OR_EXISTING_BYTE_VALIDATION
23	GJOKA_SUMSTATS/sumstats_23.assoc.logistic	288656	83681	3c56a93b	PENDING_DOWNLOAD_OR_EXISTING_BYTE_VALIDATION
24	GJOKA_SUMSTATS/sumstats_24.assoc.logistic	284908	79497	3c9f7618	PENDING_DOWNLOAD_OR_EXISTING_BYTE_VALIDATION
26	GJOKA_SUMSTATS/sumstats_26.assoc.logistic	377416	107287	0996c7a5	PENDING_DOWNLOAD_OR_EXISTING_BYTE_VALIDATION
27	GJOKA_SUMSTATS/sumstats_27.assoc.logistic	303783	87946	049da17a	PENDING_DOWNLOAD_OR_EXISTING_BYTE_VALIDATION
28	GJOKA_SUMSTATS/sumstats_28.assoc.logistic	199558	57027	039a3ea5	PENDING_DOWNLOAD_OR_EXISTING_BYTE_VALIDATION
3	GJOKA_SUMSTATS/sumstats_3.assoc.logistic	209375	60067	8d5c6b86	PENDING_DOWNLOAD_OR_EXISTING_BYTE_VALIDATION
30	GJOKA_SUMSTATS/sumstats_30.assoc.logistic	294993	84211	ddbc9487	PENDING_DOWNLOAD_OR_EXISTING_BYTE_VALIDATION
31	GJOKA_SUMSTATS/sumstats_31.assoc.logistic	356779	102025	35ac6989	PENDING_DOWNLOAD_OR_EXISTING_BYTE_VALIDATION
32	GJOKA_SUMSTATS/sumstats_32.assoc.logistic	377921	107566	a5745e92	PENDING_DOWNLOAD_OR_EXISTING_BYTE_VALIDATION
33	GJOKA_SUMSTATS/sumstats_33.assoc.logistic	173138	49519	acdae644	PENDING_DOWNLOAD_OR_EXISTING_BYTE_VALIDATION
34	GJOKA_SUMSTATS/sumstats_34.assoc.logistic	194532	56330	dd1c7883	PENDING_DOWNLOAD_OR_EXISTING_BYTE_VALIDATION
35	GJOKA_SUMSTATS/sumstats_35.assoc.logistic	256971	70319	5c7df248	PENDING_DOWNLOAD_OR_EXISTING_BYTE_VALIDATION
36	GJOKA_SUMSTATS/sumstats_36.assoc.logistic	181241	52071	0f44bd7f	PENDING_DOWNLOAD_OR_EXISTING_BYTE_VALIDATION
38	GJOKA_SUMSTATS/sumstats_38.assoc.logistic	173456	49549	6d5941c9	PENDING_DOWNLOAD_OR_EXISTING_BYTE_VALIDATION
39	GJOKA_SUMSTATS/sumstats_39.assoc.logistic	161411	44748	f0a7d06d	PENDING_DOWNLOAD_OR_EXISTING_BYTE_VALIDATION
4	GJOKA_SUMSTATS/sumstats_4.assoc.logistic	308142	87661	e1867e60	PENDING_DOWNLOAD_OR_EXISTING_BYTE_VALIDATION
40	GJOKA_SUMSTATS/sumstats_40.assoc.logistic	416839	117326	9bc6e7ae	PENDING_DOWNLOAD_OR_EXISTING_BYTE_VALIDATION
41	GJOKA_SUMSTATS/sumstats_41.assoc.logistic	418800	120246	ab09a40f	PENDING_DOWNLOAD_OR_EXISTING_BYTE_VALIDATION
42	GJOKA_SUMSTATS/sumstats_42.assoc.logistic	377858	108716	47af3028	PENDING_DOWNLOAD_OR_EXISTING_BYTE_VALIDATION
43	GJOKA_SUMSTATS/sumstats_43.assoc.logistic	300006	85435	990a0b2b	PENDING_DOWNLOAD_OR_EXISTING_BYTE_VALIDATION
44	GJOKA_SUMSTATS/sumstats_44.assoc.logistic	337047	97332	67004b23	PENDING_DOWNLOAD_OR_EXISTING_BYTE_VALIDATION
45	GJOKA_SUMSTATS/sumstats_45.assoc.logistic	254197	72606	37dccbbd	PENDING_DOWNLOAD_OR_EXISTING_BYTE_VALIDATION
46	GJOKA_SUMSTATS/sumstats_46.assoc.logistic	258032	75548	385148ee	PENDING_DOWNLOAD_OR_EXISTING_BYTE_VALIDATION
47	GJOKA_SUMSTATS/sumstats_47.assoc.logistic	182152	53009	eae188c7	PENDING_DOWNLOAD_OR_EXISTING_BYTE_VALIDATION
48	GJOKA_SUMSTATS/sumstats_48.assoc.logistic	168224	47266	e1de16e3	PENDING_DOWNLOAD_OR_EXISTING_BYTE_VALIDATION
49	GJOKA_SUMSTATS/sumstats_49.assoc.logistic	259240	75972	5811a319	PENDING_DOWNLOAD_OR_EXISTING_BYTE_VALIDATION
50	GJOKA_SUMSTATS/sumstats_50.assoc.logistic	169893	45841	f35ef21f	PENDING_DOWNLOAD_OR_EXISTING_BYTE_VALIDATION
51	GJOKA_SUMSTATS/sumstats_51.assoc.logistic	317901	60725	9ae0c84c	PENDING_DOWNLOAD_OR_EXISTING_BYTE_VALIDATION
53	GJOKA_SUMSTATS/sumstats_53.assoc.logistic	163659	48405	0ca102c5	PENDING_DOWNLOAD_OR_EXISTING_BYTE_VALIDATION
54	GJOKA_SUMSTATS/sumstats_54.assoc.logistic	142295	41829	eb607156	PENDING_DOWNLOAD_OR_EXISTING_BYTE_VALIDATION
55	GJOKA_SUMSTATS/sumstats_55.assoc.logistic	170863	49304	efa53436	PENDING_DOWNLOAD_OR_EXISTING_BYTE_VALIDATION
56	GJOKA_SUMSTATS/sumstats_56.assoc.logistic	136343	38022	1f1d2ba5	PENDING_DOWNLOAD_OR_EXISTING_BYTE_VALIDATION
6	GJOKA_SUMSTATS/sumstats_6.assoc.logistic	337005	96996	4738a1c0	PENDING_DOWNLOAD_OR_EXISTING_BYTE_VALIDATION
7	GJOKA_SUMSTATS/sumstats_7.assoc.logistic	104290	30396	1f625b7b	PENDING_DOWNLOAD_OR_EXISTING_BYTE_VALIDATION
8	GJOKA_SUMSTATS/sumstats_8.assoc.logistic	251168	72298	81a7af72	PENDING_DOWNLOAD_OR_EXISTING_BYTE_VALIDATION
9	GJOKA_SUMSTATS/sumstats_9.assoc.logistic	262188	75217	b6349822	PENDING_DOWNLOAD_OR_EXISTING_BYTE_VALIDATION
