SNP	Index	PIP	Credible_Set	gene	celltype	in_exact_disease_qtl_overlap	is_frozen_shared_variant
1:157620122:T:C	177	0.0186236218880704	2	ENSG00000160856	B_intermediate	False	False
1:157622311:G:T	186	0.0319532153929342	2	ENSG00000160856	B_intermediate	False	False
1:157623613:G:A	191	0.0319532153929342	2	ENSG00000160856	B_intermediate	False	False
1:157624299:A:T	195	0.020687510505276	2	ENSG00000160856	B_intermediate	False	False
1:157624798:C:A	197	0.0248646860308784	2	ENSG00000160856	B_intermediate	False	False
1:157625254:C:T	200	0.024864686030879	2	ENSG00000160856	B_intermediate	False	False
1:157625381:G:A	201	0.0319532153929342	2	ENSG00000160856	B_intermediate	False	False
1:157625620:G:A	208	0.0414561362974436	2	ENSG00000160856	B_intermediate	False	False
1:157625672:C:A	210	0.0319532153929348	2	ENSG00000160856	B_intermediate	False	False
1:157625829:T:A	212	0.0248646860308784	2	ENSG00000160856	B_intermediate	False	False
1:157627159:C:T	225	0.0248646860308784	2	ENSG00000160856	B_intermediate	False	False
1:157627649:G:A	228	0.0319532153929342	2	ENSG00000160856	B_intermediate	False	False
1:157628372:G:A	236	0.0319532153929342	2	ENSG00000160856	B_intermediate	False	False
1:157628398:TA:T	238	0.0428430719892281	2	ENSG00000160856	B_intermediate	False	False
1:157628643:A:G	242	0.0238959239397777	2	ENSG00000160856	B_intermediate	False	False
1:157630726:C:T	266	0.0283707858382528	2	ENSG00000160856	B_intermediate	False	False
1:157632227:T:C	270	0.0287574207388379	2	ENSG00000160856	B_intermediate	False	False
1:157632358:C:T	271	0.0287574207388374	2	ENSG00000160856	B_intermediate	False	False
1:157632489:A:G	273	0.0246920904927709	2	ENSG00000160856	B_intermediate	False	False
1:157636843:A:G	297	0.0377189512992224	2	ENSG00000160856	B_intermediate	True	False
1:157637024:G:A	299	0.0282818471251192	2	ENSG00000160856	B_intermediate	True	False
1:157639193:G:A	315	0.0282818471251192	2	ENSG00000160856	B_intermediate	True	False
1:157639862:A:G	320	0.031352085952732	2	ENSG00000160856	B_intermediate	False	False
1:157651723:T:C	353	0.0118077550647241	2	ENSG00000160856	B_intermediate	True	False
1:157657986:A:G	376	0.0118077550647241	2	ENSG00000160856	B_intermediate	True	False
1:157658769:T:C	381	0.0056374180470418	2	ENSG00000160856	B_intermediate	True	False
1:157665017:G:A	405	0.0159483423257452	2	ENSG00000160856	B_intermediate	True	False
1:157671699:A:G	444	0.0146792841835922	2	ENSG00000160856	B_intermediate	True	False
1:157678581:T:G	464	0.0146792841835922	2	ENSG00000160856	B_intermediate	True	False
1:157681242:T:A	471	0.0081433124101876	2	ENSG00000160856	B_intermediate	True	False
1:157681692:A:G	473	0.0146792841835922	2	ENSG00000160856	B_intermediate	True	False
1:157681764:G:A	475	0.0139996834367653	2	ENSG00000160856	B_intermediate	True	False
1:157684873:G:C	479	0.011637698621824	2	ENSG00000160856	B_intermediate	True	False
1:157685351:C:T	482	0.0116376986218241	2	ENSG00000160856	B_intermediate	True	False
1:157686487:C:A	485	0.022003928044886	2	ENSG00000160856	B_intermediate	True	False
1:157687449:A:T	487	0.0146792841835922	2	ENSG00000160856	B_intermediate	True	False
1:157687508:C:T	488	0.0116376986218241	2	ENSG00000160856	B_intermediate	True	False
1:157698637:G:A	511	0.0076148836583264	2	ENSG00000160856	B_intermediate	False	False
1:157699203:C:T	514	0.222121981468192	1	ENSG00000160856	B_intermediate	True	False
1:157699488:C:T	515	0.208122444994287	1	ENSG00000160856	B_intermediate	True	True
1:157699878:G:A	517	0.0363275613365354	2	ENSG00000160856	B_intermediate	True	False
1:157700500:C:G	518	0.222121981468192	1	ENSG00000160856	B_intermediate	True	False
1:157701026:A:G	520	0.347246990312689	1	ENSG00000160856	B_intermediate	True	False
1:157701498:G:A	521	0.0363275613365354	2	ENSG00000160856	B_intermediate	True	False
1:157702508:G:A	522	0.0156335036779961	2	ENSG00000160856	B_intermediate	True	False
