comparison_id	axis	gene	OneK_cell	mapping_role	FinnGen_cell	eqtl_q	caqtl_q	eqtl_available	caqtl_available	eqtl_q_lt_0_05	caqtl_q_lt_0_05
R7B1_000258	IL12RB2–NK	IL12RB2	NK	PRIMARY	l2.NK	1.57239021752338e-76	1.16046477677008e-197	True	True	True	True
R7B1_000258	IL12RB2–NK	IL12RB2	NK	COMPATIBLE	l1.NK	1.382128651568e-62	6.17335635533211e-187	True	True	True	True
R7B1_000258	IL12RB2–NK	IL12RB2	NK	COMPATIBLE	l1.PBMC	7.90555518738839e-42	9.46786350087146e-232	True	True	True	True
R7B1_000410	FCRL3–B_IN	FCRL3	B_IN	PRIMARY	l2.B_intermediate	1.7487312418647e-31	3.66952684245746e-34	True	True	True	True
R7B1_000410	FCRL3–B_IN	FCRL3	B_IN	COMPATIBLE	l1.B	2.32796140298836e-98	8.67150026507482e-179	True	True	True	True
R7B1_000411	FCRL3–B_MEM	FCRL3	B_MEM	PRIMARY	l2.B_memory			False	False	False	False
R7B1_000411	FCRL3–B_MEM	FCRL3	B_MEM	COMPATIBLE	l1.B	2.32796140298836e-98	8.67150026507482e-179	True	True	True	True
R7B1_000414	FCRL3–CD8_ET	FCRL3	CD8_ET	PRIMARY	l2.CD8_TEM	1.89870652234845e-85	9.96407719403343e-173	True	True	True	True
R7B1_000414	FCRL3–CD8_ET	FCRL3	CD8_ET	COMPATIBLE	l1.CD8_T	3.26637664355678e-76	2.69265970893616e-161	True	True	True	True
