member	basename	reason	bytes	sha256
./OneK1K_eQTL_summary_Xue_et_al_bioRxiv_2024/OneK1K_B_IN.cis_qtl_pairs.chr1.parquet	OneK1K_B_IN.cis_qtl_pairs.chr1.parquet	FROZEN_CHR1_CELL	105609087	07900313a16c511c955b22ea5524e5a54767c988224ecfc1d941f39da0f585ed
./OneK1K_eQTL_summary_Xue_et_al_bioRxiv_2024/OneK1K_CD4_NC.cis_qtl_pairs.chr1.parquet	OneK1K_CD4_NC.cis_qtl_pairs.chr1.parquet	FROZEN_CHR1_CELL	134401557	a12e5b5584a659fdbc638a2ceeecfac4d40cab47b6a177fb29babadf0952452f
./OneK1K_eQTL_summary_Xue_et_al_bioRxiv_2024/OneK1K_B_MEM.cis_qtl_pairs.chr1.parquet	OneK1K_B_MEM.cis_qtl_pairs.chr1.parquet	FROZEN_CHR1_CELL	100809223	958231015562edfe4ed48224f565d9491e635604d2835048df1dcc465fe43bad
./OneK1K_eQTL_summary_Xue_et_al_bioRxiv_2024/OneK1K_NK.cis_qtl_pairs.chr1.parquet	OneK1K_NK.cis_qtl_pairs.chr1.parquet	FROZEN_CHR1_CELL	119170364	a30cbcfa59769ed7aaa444ea1bb9c58ca229ba1d4428a4bf1085a9ac72264ff4
./OneK1K_eQTL_summary_Xue_et_al_bioRxiv_2024/README	README	README	631	d22403b9793ff818e4a7e9a906af991501e644cbd6c1924559aa981b6aa7f47a
./OneK1K_eQTL_summary_Xue_et_al_bioRxiv_2024/plink_merged.bim	plink_merged.bim	plink_merged.bim	155979658	6e28edad34d5930ca99f7be873e4684a885e26433d13ddba3d970bb8f8ad0bb6
./OneK1K_eQTL_summary_Xue_et_al_bioRxiv_2024/OneK1K_CD8_ET.cis_qtl_pairs.chr1.parquet	OneK1K_CD8_ET.cis_qtl_pairs.chr1.parquet	FROZEN_CHR1_CELL	121784587	a7b8e02b57e84e01e9700974343a1be8f2685c57abc4e570f74192e81db58902
./OneK1K_eQTL_summary_Xue_et_al_bioRxiv_2024/OneK1K_NK_R.cis_qtl_pairs.chr1.parquet	OneK1K_NK_R.cis_qtl_pairs.chr1.parquet	FROZEN_CHR1_CELL	78446970	850468e88c219b2023ae42b09729927971acb59311e5038a94888d4fbb34b6c6
./OneK1K_eQTL_summary_Xue_et_al_bioRxiv_2024/OneK1K_CD8_NC.cis_qtl_pairs.chr1.parquet	OneK1K_CD8_NC.cis_qtl_pairs.chr1.parquet	FROZEN_CHR1_CELL	120040110	21ce5bb94b96e1439773ed0f827387ce6fdd2351af5745c6f9f16018a360f5f7
