gene	source_gene_symbol	cell_type	cytoband	gjoka_locus_index	region_start_GRCh37	region_end_GRCh37	force_multisignal	selection_reason
IL12RB2	IL12RB2	NK	1p31.3	2	67225491	68419832	True	PUBLISHED_DISEASE_MULTISIGNAL_FORCE
FCRL3	FCRL3	B_IN	1q23.1	4	157070320	158270183	False	SOURCE_SIGNIFICANT
FCRL3	FCRL3	B_MEM	1q23.1	4	157070320	158270183	False	SOURCE_SIGNIFICANT
FCRL3	FCRL3	CD4_NC	1q23.1	4	157070320	158270183	False	SOURCE_SIGNIFICANT
FCRL3	FCRL3	CD8_ET	1q23.1	4	157070320	158270183	False	SOURCE_SIGNIFICANT
FCRL3	FCRL3	CD8_NC	1q23.1	4	157070320	158270183	False	SOURCE_SIGNIFICANT
FCRL3	FCRL3	NK	1q23.1	4	157070320	158270183	False	SOURCE_SIGNIFICANT
FCRL3	FCRL3	NK_R	1q23.1	4	157070320	158270183	False	SOURCE_SIGNIFICANT
INAVA	C1orf106	CD4_NC	1q32.1	6	200420013	201616835	False	WEAK_PREREGISTERED_FALSIFICATION
