variant_id_GRCh37	position_GRCh37	A1	A2	position_GRCh38	liftover_status	OneK_alpha	OneK_PIP	is_smoke_shared_top	allele_set	TenK_exact_source_CS_cells	TenK_exact_source_CS_member_count	TenK_max_PIP
10:65370897	65370897	A	C	63611137	UNIQUE_PLUS	0.0445900009834554	0.0472933124586911	False	A/C		0	
10:65374077	65374077	G	A	63614317	UNIQUE_PLUS	0.0585604032314209	0.0612479184259454	False	A/G		0	
10:65374109	65374109	T	C	63614349	UNIQUE_PLUS	0.0594196579224149	0.0620835024768571	False	C/T		0	
10:65376395	65376395	A	G	63616635	UNIQUE_PLUS	0.0585604032314209	0.0612479184259454	True	A/G		0	
10:65376473	65376473	A	G	63616713	UNIQUE_PLUS	0.0594196579224149	0.0620835024768571	False	A/G		0	
10:65376496	65376496	G	C	63616736	UNIQUE_PLUS	0.0594196579224149	0.0620835024768571	False	C/G		0	
10:65376635	65376635	T	A	63616875	UNIQUE_PLUS	0.0585604032314209	0.0612479184259454	False	A/T		0	
10:65377538	65377538	T	C	63617778	UNIQUE_PLUS	0.0759422483720328	0.0785618605256322	False	C/T		0	
10:65379304	65379304	A	G	63619544	UNIQUE_PLUS	0.0760922962736684	0.0787111908808251	False	A/G		0	
10:65382316	65382316	G	T	63622556	UNIQUE_PLUS	0.0760922962736684	0.0787111908808251	False	G/T		0	
10:65387154	65387154	G	A	63627394	UNIQUE_PLUS	0.0760922962736684	0.0787111908808251	False	A/G		0	
10:65387858	65387858	C	T	63628098	UNIQUE_PLUS	0.0677372477364159	0.0704020381016253	False	C/T		0	
10:65389209	65389209	C	G	63629449	UNIQUE_PLUS	0.0760922962736684	0.0787111908808251	False	C/G		0	
10:65392056	65392056	C	T	63632296	UNIQUE_PLUS	0.0760922962736684	0.0787111908808251	False	C/T		0	
10:65393613	65393613	G	A	63633853	UNIQUE_PLUS	0.033735536209262	0.036524383286748	False	A/G		0	
