cell_type	source_member	SNP	Index	PIP	Credible_Set	gene	celltype
CD4_Naive	susie_summary/CD4_Naive_all_credible_snps.tsv	10:63422496:T:G	2	0.0413642596668959	1	ENSG00000165476	CD4_Naive
CD4_Naive	susie_summary/CD4_Naive_all_credible_snps.tsv	10:63424957:T:C	9	0.0364445594343222	1	ENSG00000165476	CD4_Naive
CD4_Naive	susie_summary/CD4_Naive_all_credible_snps.tsv	10:63428558:T:C	25	0.0353819550305021	1	ENSG00000165476	CD4_Naive
CD4_Naive	susie_summary/CD4_Naive_all_credible_snps.tsv	10:63430567:G:A	32	0.0337759214530258	1	ENSG00000165476	CD4_Naive
CD4_Naive	susie_summary/CD4_Naive_all_credible_snps.tsv	10:63431885:G:T	34	0.0137477998665482	1	ENSG00000165476	CD4_Naive
CD4_Naive	susie_summary/CD4_Naive_all_credible_snps.tsv	10:63432528:G:A	35	0.0337759214530258	1	ENSG00000165476	CD4_Naive
CD4_Naive	susie_summary/CD4_Naive_all_credible_snps.tsv	10:63444048:A:G	86	0.0177047421913583	1	ENSG00000165476	CD4_Naive
CD4_Naive	susie_summary/CD4_Naive_all_credible_snps.tsv	10:63446121:C:T	96	0.0337759214530258	1	ENSG00000165476	CD4_Naive
CD4_Naive	susie_summary/CD4_Naive_all_credible_snps.tsv	10:63447258:C:T	99	0.0427577754870551	1	ENSG00000165476	CD4_Naive
CD4_Naive	susie_summary/CD4_Naive_all_credible_snps.tsv	10:63449166:T:C	106	0.0337759214530258	1	ENSG00000165476	CD4_Naive
CD4_Naive	susie_summary/CD4_Naive_all_credible_snps.tsv	10:63449849:T:C	109	0.0338145668630594	1	ENSG00000165476	CD4_Naive
CD4_Naive	susie_summary/CD4_Naive_all_credible_snps.tsv	10:63451175:A:G	114	0.0337759214530258	1	ENSG00000165476	CD4_Naive
CD4_Naive	susie_summary/CD4_Naive_all_credible_snps.tsv	10:63454989:C:T	132	0.0337759214530258	1	ENSG00000165476	CD4_Naive
CD4_Naive	susie_summary/CD4_Naive_all_credible_snps.tsv	10:63458718:T:TTTTTA	140	0.0242232149347185	1	ENSG00000165476	CD4_Naive
CD4_Naive	susie_summary/CD4_Naive_all_credible_snps.tsv	10:63464440:G:GA	164	0.0244906934442382	1	ENSG00000165476	CD4_Naive
CD4_Naive	susie_summary/CD4_Naive_all_credible_snps.tsv	10:63464698:CA:C	166	0.0151700109524749	1	ENSG00000165476	CD4_Naive
CD4_Naive	susie_summary/CD4_Naive_all_credible_snps.tsv	10:63466139:A:AGGCGGC	172	0.0247508068745221	1	ENSG00000165476	CD4_Naive
CD4_Naive	susie_summary/CD4_Naive_all_credible_snps.tsv	10:63467009:TA:T	174	0.0198390381532602	1	ENSG00000165476	CD4_Naive
CD4_Naive	susie_summary/CD4_Naive_all_credible_snps.tsv	10:63470404:T:C	183	0.0337759214530258	1	ENSG00000165476	CD4_Naive
CD4_Naive	susie_summary/CD4_Naive_all_credible_snps.tsv	10:63472779:A:G	185	0.0337759214530258	1	ENSG00000165476	CD4_Naive
CD4_Naive	susie_summary/CD4_Naive_all_credible_snps.tsv	10:63476069:G:T	200	0.0379157272001213	1	ENSG00000165476	CD4_Naive
CD4_Naive	susie_summary/CD4_Naive_all_credible_snps.tsv	10:63479417:T:A	210	0.0347443607620289	1	ENSG00000165476	CD4_Naive
CD4_Naive	susie_summary/CD4_Naive_all_credible_snps.tsv	10:63484484:G:C	223	0.0338279809794962	1	ENSG00000165476	CD4_Naive
CD4_Naive	susie_summary/CD4_Naive_all_credible_snps.tsv	10:63487849:A:C	236	0.025798936704663	1	ENSG00000165476	CD4_Naive
CD4_Naive	susie_summary/CD4_Naive_all_credible_snps.tsv	10:63491048:G:A	248	0.0347457989250018	1	ENSG00000165476	CD4_Naive
CD4_Naive	susie_summary/CD4_Naive_all_credible_snps.tsv	10:63495754:C:CA	276	0.0345380332815396	1	ENSG00000165476	CD4_Naive
CD4_Naive	susie_summary/CD4_Naive_all_credible_snps.tsv	10:63501416:CT:C	286	0.0366154232358877	1	ENSG00000165476	CD4_Naive
CD4_Naive	susie_summary/CD4_Naive_all_credible_snps.tsv	10:63504366:T:C	297	0.0337759214530258	1	ENSG00000165476	CD4_Naive
CD4_Naive	susie_summary/CD4_Naive_all_credible_snps.tsv	10:63504506:C:T	300	0.0337759214530258	1	ENSG00000165476	CD4_Naive
CD4_Naive	susie_summary/CD4_Naive_all_credible_snps.tsv	10:63505348:A:T	304	0.0352573009271624	1	ENSG00000165476	CD4_Naive
CD4_Naive	susie_summary/CD4_Naive_all_credible_snps.tsv	10:63505945:CA:C	306	0.0163084762220496	1	ENSG00000165476	CD4_Naive
CD4_Naive	susie_summary/CD4_Naive_all_credible_snps.tsv	10:63511728:A:T	326	0.0111856920768283	1	ENSG00000165476	CD4_Naive
CD4_Naive	susie_summary/CD4_Naive_all_credible_snps.tsv	10:63514022:A:G	336	0.0337759214530258	1	ENSG00000165476	CD4_Naive
CD4_Naive	susie_summary/CD4_Naive_all_credible_snps.tsv	10:63515167:A:G	342	0.0290967467952962	1	ENSG00000165476	CD4_Naive
CD4_Naive	susie_summary/CD4_Naive_all_credible_snps.tsv	10:63516234:G:GA	346	0.0427166710288975	1	ENSG00000165476	CD4_Naive
CD4_Naive	susie_summary/CD4_Naive_all_credible_snps.tsv	10:63517266:G:A	350	0.0409577514079194	1	ENSG00000165476	CD4_Naive
CD4_Naive	susie_summary/CD4_Naive_all_credible_snps.tsv	10:63521234:C:A	367	0.0450641593469681	1	ENSG00000165476	CD4_Naive
CD4_Naive	susie_summary/CD4_Naive_all_credible_snps.tsv	10:63526907:T:C	375	0.0146255663044819	1	ENSG00000165476	CD4_Naive
CD4_Naive	susie_summary/CD4_Naive_all_credible_snps.tsv	10:63527304:A:G	377	0.010252866685366	1	ENSG00000165476	CD4_Naive
CD4_Naive	susie_summary/CD4_Naive_all_credible_snps.tsv	10:63534100:T:C	406	0.0114169288271698	1	ENSG00000165476	CD4_Naive
CD4_Naive	susie_summary/CD4_Naive_all_credible_snps.tsv	10:63534164:T:G	407	0.0114169288271698	1	ENSG00000165476	CD4_Naive
CD4_Naive	susie_summary/CD4_Naive_all_credible_snps.tsv	10:63541965:T:C	426	0.0109961268106147	1	ENSG00000165476	CD4_Naive
CD4_Naive	susie_summary/CD4_Naive_all_credible_snps.tsv	10:63556677:C:G	474	0.0112974308826889	1	ENSG00000165476	CD4_Naive
CD4_Naive	susie_summary/CD4_Naive_all_credible_snps.tsv	10:63588444:T:TA	576	0.0109416966268535	1	ENSG00000165476	CD4_Naive
CD4_TCM	susie_summary/CD4_TCM_all_credible_snps.tsv	10:63422496:T:G	2	0.0233288347518628	1	ENSG00000165476	CD4_TCM
CD4_TCM	susie_summary/CD4_TCM_all_credible_snps.tsv	10:63424957:T:C	9	0.0229530735354908	1	ENSG00000165476	CD4_TCM
CD4_TCM	susie_summary/CD4_TCM_all_credible_snps.tsv	10:63428558:T:C	25	0.018715971486542	1	ENSG00000165476	CD4_TCM
CD4_TCM	susie_summary/CD4_TCM_all_credible_snps.tsv	10:63430567:G:A	32	0.0196060489046529	1	ENSG00000165476	CD4_TCM
CD4_TCM	susie_summary/CD4_TCM_all_credible_snps.tsv	10:63432528:G:A	35	0.0196060489046529	1	ENSG00000165476	CD4_TCM
CD4_TCM	susie_summary/CD4_TCM_all_credible_snps.tsv	10:63444048:A:G	86	0.0196549652056883	1	ENSG00000165476	CD4_TCM
CD4_TCM	susie_summary/CD4_TCM_all_credible_snps.tsv	10:63446121:C:T	96	0.0196060489046529	1	ENSG00000165476	CD4_TCM
CD4_TCM	susie_summary/CD4_TCM_all_credible_snps.tsv	10:63447258:C:T	99	0.0207056825036134	1	ENSG00000165476	CD4_TCM
CD4_TCM	susie_summary/CD4_TCM_all_credible_snps.tsv	10:63449166:T:C	106	0.0196060489046529	1	ENSG00000165476	CD4_TCM
CD4_TCM	susie_summary/CD4_TCM_all_credible_snps.tsv	10:63449849:T:C	109	0.0196056367166217	1	ENSG00000165476	CD4_TCM
CD4_TCM	susie_summary/CD4_TCM_all_credible_snps.tsv	10:63451175:A:G	114	0.0196060489046529	1	ENSG00000165476	CD4_TCM
CD4_TCM	susie_summary/CD4_TCM_all_credible_snps.tsv	10:63454989:C:T	132	0.0196060489046529	1	ENSG00000165476	CD4_TCM
CD4_TCM	susie_summary/CD4_TCM_all_credible_snps.tsv	10:63458718:T:TTTTTA	140	0.0783857200659305	1	ENSG00000165476	CD4_TCM
CD4_TCM	susie_summary/CD4_TCM_all_credible_snps.tsv	10:63464440:G:GA	164	0.0170580012212498	1	ENSG00000165476	CD4_TCM
CD4_TCM	susie_summary/CD4_TCM_all_credible_snps.tsv	10:63467009:TA:T	174	0.0173230467845329	1	ENSG00000165476	CD4_TCM
CD4_TCM	susie_summary/CD4_TCM_all_credible_snps.tsv	10:63470404:T:C	183	0.0196060489046529	1	ENSG00000165476	CD4_TCM
CD4_TCM	susie_summary/CD4_TCM_all_credible_snps.tsv	10:63472779:A:G	185	0.0196060489046529	1	ENSG00000165476	CD4_TCM
CD4_TCM	susie_summary/CD4_TCM_all_credible_snps.tsv	10:63476069:G:T	200	0.0258076413922895	1	ENSG00000165476	CD4_TCM
CD4_TCM	susie_summary/CD4_TCM_all_credible_snps.tsv	10:63479417:T:A	210	0.0223322430064188	1	ENSG00000165476	CD4_TCM
CD4_TCM	susie_summary/CD4_TCM_all_credible_snps.tsv	10:63484484:G:C	223	0.0196074606955802	1	ENSG00000165476	CD4_TCM
CD4_TCM	susie_summary/CD4_TCM_all_credible_snps.tsv	10:63487849:A:C	236	0.0216066083112983	1	ENSG00000165476	CD4_TCM
CD4_TCM	susie_summary/CD4_TCM_all_credible_snps.tsv	10:63491048:G:A	248	0.0198240741884868	1	ENSG00000165476	CD4_TCM
CD4_TCM	susie_summary/CD4_TCM_all_credible_snps.tsv	10:63495754:C:CA	276	0.0209896648790906	1	ENSG00000165476	CD4_TCM
CD4_TCM	susie_summary/CD4_TCM_all_credible_snps.tsv	10:63501416:CT:C	286	0.0196994075119755	1	ENSG00000165476	CD4_TCM
CD4_TCM	susie_summary/CD4_TCM_all_credible_snps.tsv	10:63504366:T:C	297	0.0196060489046529	1	ENSG00000165476	CD4_TCM
CD4_TCM	susie_summary/CD4_TCM_all_credible_snps.tsv	10:63504506:C:T	300	0.0196060489046529	1	ENSG00000165476	CD4_TCM
CD4_TCM	susie_summary/CD4_TCM_all_credible_snps.tsv	10:63505348:A:T	304	0.0172585100445609	1	ENSG00000165476	CD4_TCM
CD4_TCM	susie_summary/CD4_TCM_all_credible_snps.tsv	10:63505945:CA:C	306	0.0182319460945325	1	ENSG00000165476	CD4_TCM
CD4_TCM	susie_summary/CD4_TCM_all_credible_snps.tsv	10:63511728:A:T	326	0.134520560351034	1	ENSG00000165476	CD4_TCM
CD4_TCM	susie_summary/CD4_TCM_all_credible_snps.tsv	10:63514022:A:G	336	0.0196060489046529	1	ENSG00000165476	CD4_TCM
CD4_TCM	susie_summary/CD4_TCM_all_credible_snps.tsv	10:63515167:A:G	342	0.0201251608073152	1	ENSG00000165476	CD4_TCM
CD4_TCM	susie_summary/CD4_TCM_all_credible_snps.tsv	10:63516234:G:GA	346	0.0235576289659858	1	ENSG00000165476	CD4_TCM
CD4_TCM	susie_summary/CD4_TCM_all_credible_snps.tsv	10:63517266:G:A	350	0.0188550420791537	1	ENSG00000165476	CD4_TCM
CD4_TCM	susie_summary/CD4_TCM_all_credible_snps.tsv	10:63521234:C:A	367	0.0163484703550041	1	ENSG00000165476	CD4_TCM
CD4_TCM	susie_summary/CD4_TCM_all_credible_snps.tsv	10:63526907:T:C	375	0.0171133936407358	1	ENSG00000165476	CD4_TCM
CD4_TCM	susie_summary/CD4_TCM_all_credible_snps.tsv	10:63527304:A:G	377	0.0138783622487751	1	ENSG00000165476	CD4_TCM
CD4_TCM	susie_summary/CD4_TCM_all_credible_snps.tsv	10:63534100:T:C	406	0.015608502343449	1	ENSG00000165476	CD4_TCM
CD4_TCM	susie_summary/CD4_TCM_all_credible_snps.tsv	10:63534164:T:G	407	0.015608502343449	1	ENSG00000165476	CD4_TCM
CD4_TCM	susie_summary/CD4_TCM_all_credible_snps.tsv	10:63541965:T:C	426	0.0150674126138626	1	ENSG00000165476	CD4_TCM
CD4_TCM	susie_summary/CD4_TCM_all_credible_snps.tsv	10:63548990:A:T	443	0.0153374660529605	1	ENSG00000165476	CD4_TCM
CD4_TCM	susie_summary/CD4_TCM_all_credible_snps.tsv	10:63555673:T:C	465	0.0160992731893069	1	ENSG00000165476	CD4_TCM
CD4_TCM	susie_summary/CD4_TCM_all_credible_snps.tsv	10:63556569:TTTTTG:T	472	0.0108922143663928	1	ENSG00000165476	CD4_TCM
CD4_TCM	susie_summary/CD4_TCM_all_credible_snps.tsv	10:63556677:C:G	474	0.0126044802616817	1	ENSG00000165476	CD4_TCM
CD4_TCM	susie_summary/CD4_TCM_all_credible_snps.tsv	10:63558742:C:CA	479	0.0160992731893069	1	ENSG00000165476	CD4_TCM
CD4_TCM	susie_summary/CD4_TCM_all_credible_snps.tsv	10:63560246:A:T	485	0.0164128887960995	1	ENSG00000165476	CD4_TCM
CD4_TCM	susie_summary/CD4_TCM_all_credible_snps.tsv	10:63564049:T:G	501	0.0260810279944733	1	ENSG00000165476	CD4_TCM
CD4_TCM	susie_summary/CD4_TCM_all_credible_snps.tsv	10:63565718:G:A	507	0.0221295747430144	1	ENSG00000165476	CD4_TCM
CD4_TCM	susie_summary/CD4_TCM_all_credible_snps.tsv	10:63567231:AATT:A	510	0.0216191978080498	1	ENSG00000165476	CD4_TCM
CD4_TCM	susie_summary/CD4_TCM_all_credible_snps.tsv	10:63568290:G:A	514	0.0212152759973548	1	ENSG00000165476	CD4_TCM
CD4_TCM	susie_summary/CD4_TCM_all_credible_snps.tsv	10:63568779:C:G	521	0.0212152759973548	1	ENSG00000165476	CD4_TCM
CD4_TCM	susie_summary/CD4_TCM_all_credible_snps.tsv	10:63569862:A:C	527	0.0212156168547414	1	ENSG00000165476	CD4_TCM
CD4_TCM	susie_summary/CD4_TCM_all_credible_snps.tsv	10:63575555:T:C	541	0.0096885582156256	1	ENSG00000165476	CD4_TCM
CD4_TCM	susie_summary/CD4_TCM_all_credible_snps.tsv	10:63576447:T:C	543	0.0301577661518801	1	ENSG00000165476	CD4_TCM
CD4_TCM	susie_summary/CD4_TCM_all_credible_snps.tsv	10:63577393:T:C	546	0.0206974697266099	1	ENSG00000165476	CD4_TCM
CD4_TCM	susie_summary/CD4_TCM_all_credible_snps.tsv	10:63578544:A:G	547	0.0096885582156256	1	ENSG00000165476	CD4_TCM
CD4_TCM	susie_summary/CD4_TCM_all_credible_snps.tsv	10:63584430:T:TAAA	562	0.0792780105170506	1	ENSG00000165476	CD4_TCM
CD4_TCM	susie_summary/CD4_TCM_all_credible_snps.tsv	10:63588444:T:TA	576	0.0174285054109243	1	ENSG00000165476	CD4_TCM
CD4_TCM	susie_summary/CD4_TCM_all_credible_snps.tsv	10:63590623:A:G	590	0.0194468854918985	1	ENSG00000165476	CD4_TCM
CD4_TCM	susie_summary/CD4_TCM_all_credible_snps.tsv	10:63593995:A:T	607	0.0244600805812138	1	ENSG00000165476	CD4_TCM
CD4_TCM	susie_summary/CD4_TCM_all_credible_snps.tsv	10:63597678:G:A	618	0.0261519801711609	1	ENSG00000165476	CD4_TCM
CD4_TCM	susie_summary/CD4_TCM_all_credible_snps.tsv	10:63605625:C:T	645	0.0104296027279376	1	ENSG00000165476	CD4_TCM
