run	group	technical_QC	called_cells	target_lineage	gate_cells	positive_cells	target_umi	lineage_total_umi	positive_cell_fraction	target_UMI_per_lineage_cell	target_lineage_CPM
HRR1849454	CONTROL_HEMANGIOMA_NONLESION	PASS	5268	FCRL3_B	956	83	140	11243332	0.08682008368200837	0.14644351464435146	12.45182477934477
HRR1849455	CONTROL_HEMANGIOMA_NONLESION	PASS	7316	FCRL3_B	715	212	430	7555132	0.2965034965034965	0.6013986013986014	56.91495529131721
HRR1849456	CONTROL_HEMANGIOMA_NONLESION	PASS	4341	FCRL3_B	1046	87	192	13602350	0.08317399617590822	0.1835564053537285	14.115208033905907
HRR1849457	CONTROL_HEMANGIOMA_NONLESION	PASS	5591	FCRL3_B	1319	67	107	17306215	0.05079605761940864	0.08112206216830932	6.182749954279431
HRR1849458	CONTROL_HEMANGIOMA_NONLESION	PASS	3312	FCRL3_B	341	13	18	4844884	0.03812316715542522	0.05278592375366569	3.715259230148751
HRR1849459	PBC	PASS	5447	FCRL3_B	472	12	17	8222030	0.025423728813559324	0.036016949152542374	2.0676159050745375
HRR1849460	PBC	PASS	3468	FCRL3_B	1280	81	148	18752571	0.06328125	0.115625	7.892251147855939
HRR1849461	PBC	PASS	5666	FCRL3_B	782	33	45	7162616	0.04219948849104859	0.05754475703324808	6.282620763140171
HRR1849462	PBC	PASS	2981	FCRL3_B	829	39	89	16234123	0.047044632086851626	0.10735826296743065	5.48227951703951
HRR1849463	PBC	PASS	6247	FCRL3_B	698	34	58	11431636	0.04871060171919771	0.0830945558739255	5.073639503567119
HRR1849454	CONTROL_HEMANGIOMA_NONLESION	PASS	5268	IL12RB2_NK	2145	54	56	9342254	0.025174825174825177	0.026107226107226107	5.994270761638465
HRR1849455	CONTROL_HEMANGIOMA_NONLESION	PASS	7316	IL12RB2_NK	4496	89	92	21887072	0.019795373665480426	0.020462633451957295	4.2033945883670505
HRR1849456	CONTROL_HEMANGIOMA_NONLESION	PASS	4341	IL12RB2_NK	1392	30	30	7080468	0.021551724137931036	0.021551724137931036	4.2370080621789405
HRR1849457	CONTROL_HEMANGIOMA_NONLESION	PASS	5591	IL12RB2_NK	2425	38	43	11209278	0.015670103092783504	0.017731958762886597	3.836107909893929
HRR1849458	CONTROL_HEMANGIOMA_NONLESION	PASS	3312	IL12RB2_NK	1675	52	53	9064116	0.031044776119402984	0.03164179104477612	5.847233199575116
HRR1849459	PBC	PASS	5447	IL12RB2_NK	1910	68	70	10515329	0.0356020942408377	0.03664921465968586	6.656948156353453
HRR1849460	PBC	PASS	3468	IL12RB2_NK	806	25	26	4588358	0.031017369727047148	0.03225806451612903	5.666515123710922
HRR1849461	PBC	PASS	5666	IL12RB2_NK	2661	49	53	10837621	0.0184141300263059	0.019917324314167605	4.890372158243954
HRR1849462	PBC	PASS	2981	IL12RB2_NK	682	30	31	4626989	0.04398826979472141	0.045454545454545456	6.699821417340737
HRR1849463	PBC	PASS	6247	IL12RB2_NK	2860	183	209	15842253	0.06398601398601399	0.07307692307692308	13.19256800153362
