run	group	bytes	provider_md5	local_sha256	state	direct_url
HRR1849454	CONTROL_HEMANGIOMA_NONLESION_LIVER	26515099225	ba42572e65c05569bc7d4c0f45b8e5c6	PENDING	READY_R7A2A1_DOWNLOAD	https://download.cncb.ac.cn/gsa-human/HRA008003/HRR1849454/HRR1849454.bam
HRR1849455	CONTROL_HEMANGIOMA_NONLESION_LIVER	33941473553	a016781d9530fb626a85db91ab1ee0d4	PENDING	READY_R7A2A1_DOWNLOAD	https://download.cncb.ac.cn/gsa-human/HRA008003/HRR1849455/HRR1849455.bam
HRR1849456	CONTROL_HEMANGIOMA_NONLESION_LIVER	27185713400	b302a7760c7ba4022798b436339d2e4a	PENDING	READY_R7A2A1_DOWNLOAD	https://download.cncb.ac.cn/gsa-human/HRA008003/HRR1849456/HRR1849456.bam
HRR1849457	CONTROL_HEMANGIOMA_NONLESION_LIVER	27590017244	ad560efc933a038e931ad9aae460188f	PENDING	READY_R7A2A1_DOWNLOAD	https://download.cncb.ac.cn/gsa-human/HRA008003/HRR1849457/HRR1849457.bam
HRR1849458	CONTROL_HEMANGIOMA_NONLESION_LIVER	19424809335	28f6af252496d28f88cf251265466aa4	PENDING	READY_R7A2A1_DOWNLOAD	https://download.cncb.ac.cn/gsa-human/HRA008003/HRR1849458/HRR1849458.bam
HRR1849459	PBC_LIVER	26041030352	18555d257e844d10b40f13788830a49b	fab7a10a5e40525b2199bfec190a8892bd23233311ca0ba6a11aafd9b011e722	PASS_TARGET_PANEL_BAM_DELETED	https://download.cncb.ac.cn/gsa-human/HRA008003/HRR1849459/HRR1849459.bam
HRR1849460	PBC_LIVER	33332591265	978529c1f0dde9a98194bac6310b1446	963b23cdbafb098b0a6069dcc18ad5545ed822aee494cdc9cc4eeff044756bc6	PASS_TARGET_PANEL_BAM_DELETED	https://download.cncb.ac.cn/gsa-human/HRA008003/HRR1849460/HRR1849460.bam
HRR1849461	PBC_LIVER	28873594843	cb76945428f220d4618f12dfe924a88b	6d9e0560ed11375d80a2901bd12c23170afe3c2b22c53c943aef13be20374f7d	PASS_TARGET_PANEL_BAM_DELETED	https://download.cncb.ac.cn/gsa-human/HRA008003/HRR1849461/HRR1849461.bam
HRR1849462	PBC_LIVER	28323326606	79de18396f58543f649f2931d4a067eb	42ab19a8fc22ae0d4ce180f08ebc6361989c60ce9227ce601e21718d48cdb3ce	PASS_TARGET_PANEL_BAM_DELETED	https://download.cncb.ac.cn/gsa-human/HRA008003/HRR1849462/HRR1849462.bam
HRR1849463	PBC_LIVER	35917954133	08cfac6a2824567d1e5f88cea3e4e3bf	8e30c76d2db5a15f6240219d8c0932fb35c4c26e944fcf91dad11f32c956c293	PASS_TARGET_PANEL_BAM_DELETED	https://download.cncb.ac.cn/gsa-human/HRA008003/HRR1849463/HRR1849463.bam
