name	pass	observed	expected
diagnostic_units_2568	True	2568	2568
diagnostic_comparisons_642	True	642	642
diagnostic_loci_47	True	47	47
all_diagnostics_pass	True	{'PASS': 2568}	{'PASS': 2568}
variant_rows_complete	True	2568	2568
finite_rows_complete	True	2568	2568
historical_count_preserved	True	3333	3333
official_raw_flags_two	True	2	2
official_unique_event_one	True	1	1
official_event_reviewed	True	['REVIEWED_RETAIN_INPUT_NO_REFIT']	['REVIEWED_RETAIN_INPUT_NO_REFIT']
official_event_not_in_CS	True	False	False
no_posterior_refit	True	False	False
historical_labels_unchanged	True	False	False
semantics_642	True	642	642
historical_H4_92	True	92	92
H4_same_signal_92	True	92	92
historical_H3_428	True	428	428
H3_same_pair_428	True	428	428
mixed_pairs_32	True	32	32
labels_not_overwritten	True	False	False
protocol_exists	True	True	True
