gene	gene_ensembl	cell	credible_set	variant	PIP
CSK	ENSG00000103653	B_naive	1	15:74751897:G:A	0.0470917348570542
CSK	ENSG00000103653	B_naive	1	15:74755085:T:C	0.0470917348570542
CSK	ENSG00000103653	B_naive	1	15:74757602:G:A	0.0554961775920602
CSK	ENSG00000103653	B_naive	1	15:74758234:C:CAA	0.05761156752438
CSK	ENSG00000103653	B_naive	1	15:74762525:G:C	0.0724900366162229
CSK	ENSG00000103653	B_naive	1	15:74767286:A:G	0.139251804331538
CSK	ENSG00000103653	B_naive	1	15:74769575:A:G	0.0922172307022544
CSK	ENSG00000103653	B_naive	1	15:74769588:A:G	0.0922172307022544
CSK	ENSG00000103653	B_naive	1	15:74770056:C:T	0.0974469993244496
CSK	ENSG00000103653	B_naive	1	15:74773303:G:C	0.0220703135501452
CSK	ENSG00000103653	B_naive	1	15:74777855:A:G	0.0191537448570369
CSK	ENSG00000103653	B_naive	1	15:74779114:A:AAAAAC	0.0162396844828853
CSK	ENSG00000103653	B_naive	1	15:74788737:G:A	0.013670820319542
CSK	ENSG00000103653	B_naive	1	15:74790211:C:G	0.0203498411385021
CSK	ENSG00000103653	B_naive	1	15:74791153:C:A	0.0220116799689546
CSK	ENSG00000103653	B_naive	1	15:74796621:G:T	0.0112999163336059
CSK	ENSG00000103653	B_naive	1	15:74798008:C:T	0.0245147672570158
CSK	ENSG00000103653	B_naive	1	15:74805439:C:T	0.0121322427467403
CSK	ENSG00000103653	B_naive	1	15:74809189:C:T	0.0229363487237132
CSK	ENSG00000103653	B_naive	1	15:74810373:G:A	0.0235218123340036
CSK	ENSG00000103653	B_naive	1	15:74810510:T:C	0.0229363487237132
CSK	ENSG00000103653	B_naive	1	15:74810582:G:T	0.022969927794503
FCRL3	ENSG00000160856	B_naive	2	1:157699878:G:A	0.47860688967979
FCRL3	ENSG00000160856	B_naive	1	1:157700967:C:T	0.999999999999996
FCRL3	ENSG00000160856	B_naive	2	1:157701498:G:A	0.47860688967979
IL12RB2	ENSG00000081985	CD4_TEM	2	1:67214307:G:A	0.0134340235363172
IL12RB2	ENSG00000081985	CD4_TEM	2	1:67215986:T:G	0.0158854272952168
IL12RB2	ENSG00000081985	CD4_TEM	2	1:67216513:G:A	0.0177900351028832
IL12RB2	ENSG00000081985	CD4_TEM	2	1:67219760:G:A	0.0136649736378323
IL12RB2	ENSG00000081985	CD4_TEM	2	1:67220265:A:G	0.0162943721698238
IL12RB2	ENSG00000081985	CD4_TEM	2	1:67221381:C:T	0.0137122218476449
IL12RB2	ENSG00000081985	CD4_TEM	2	1:67222666:T:C	0.0299770793140858
IL12RB2	ENSG00000081985	CD4_TEM	2	1:67223925:A:G	0.0342413373122679
IL12RB2	ENSG00000081985	CD4_TEM	2	1:67226089:A:G	0.0315777859355292
IL12RB2	ENSG00000081985	CD4_TEM	2	1:67226449:G:C	0.0315777859355292
IL12RB2	ENSG00000081985	CD4_TEM	2	1:67227339:A:G	0.0315777859355292
IL12RB2	ENSG00000081985	CD4_TEM	2	1:67227430:C:CTTT	0.00799520925423136
IL12RB2	ENSG00000081985	CD4_TEM	2	1:67231536:C:G	0.00543850810862867
IL12RB2	ENSG00000081985	CD4_TEM	2	1:67234756:G:T	0.00582467327394698
IL12RB2	ENSG00000081985	CD4_TEM	2	1:67237502:A:C	0.00582467327394698
IL12RB2	ENSG00000081985	CD4_TEM	2	1:67240626:C:T	0.00554416873620089
IL12RB2	ENSG00000081985	CD4_TEM	2	1:67242987:A:G	0.00627558043519261
IL12RB2	ENSG00000081985	CD4_TEM	2	1:67243259:C:A	0.00579422426667964
IL12RB2	ENSG00000081985	CD4_TEM	2	1:67243313:C:CT	0.219043554748311
IL12RB2	ENSG00000081985	CD4_TEM	2	1:67246067:A:G	0.00498959967162027
IL12RB2	ENSG00000081985	CD4_TEM	2	1:67246592:A:T	0.00627558043519261
IL12RB2	ENSG00000081985	CD4_TEM	2	1:67248064:A:G	0.00554416873620089
IL12RB2	ENSG00000081985	CD4_TEM	2	1:67253446:G:A	0.143787860936602
IL12RB2	ENSG00000081985	CD4_TEM	2	1:67254228:C:G	0.00554416873620089
IL12RB2	ENSG00000081985	CD4_TEM	2	1:67255415:C:T	0.00600157918477495
IL12RB2	ENSG00000081985	CD4_TEM	2	1:67261872:C:T	0.00666593135115578
IL12RB2	ENSG00000081985	CD4_TEM	2	1:67263132:T:TTA	0.0058185451784446
IL12RB2	ENSG00000081985	CD4_TEM	2	1:67263180:AC:A	0.132971414176931
IL12RB2	ENSG00000081985	CD4_TEM	2	1:67264372:A:G	0.0734152535091964
IL12RB2	ENSG00000081985	CD4_TEM	2	1:67286405:G:C	0.0394791401059233
IL12RB2	ENSG00000081985	CD4_TEM	2	1:67299132:C:T	0.0247871315862689
IL12RB2	ENSG00000081985	CD4_TEM	1	1:67322008:A:T	0.0256830167971928
IL12RB2	ENSG00000081985	CD4_TEM	1	1:67322669:A:G	0.0365947923949017
IL12RB2	ENSG00000081985	CD4_TEM	1	1:67324915:T:C	0.0454317529580548
IL12RB2	ENSG00000081985	CD4_TEM	1	1:67326053:A:C	0.0604149934926413
IL12RB2	ENSG00000081985	CD4_TEM	1	1:67327118:G:C	0.0666568345668855
IL12RB2	ENSG00000081985	CD4_TEM	1	1:67327248:G:A	0.23594136581657
IL12RB2	ENSG00000081985	CD4_TEM	1	1:67327488:C:G	0.0494472943539208
IL12RB2	ENSG00000081985	CD4_TEM	1	1:67329235:A:C	0.0454780640521946
IL12RB2	ENSG00000081985	CD4_TEM	1	1:67331838:CATAA:C	0.0808326249680879
IL12RB2	ENSG00000081985	CD4_TEM	1	1:67332644:T:G	0.0942148633820681
IL12RB2	ENSG00000081985	CD4_TEM	1	1:67332762:T:C	0.0475253250859266
IL12RB2	ENSG00000081985	CD4_TEM	1	1:67333212:C:T	0.0942148633820681
IL12RB2	ENSG00000081985	CD4_TEM	1	1:67333487:T:C	0.0942148633820681
UBASH3A	ENSG00000160185	CD4_TEM	1	21:42434957:A:C	0.999999999999361
FCRL3	ENSG00000160856	CD4_TEM	2	1:157624299:A:T	0.0104254912601885
FCRL3	ENSG00000160856	CD4_TEM	2	1:157630726:C:T	0.0102157477575059
FCRL3	ENSG00000160856	CD4_TEM	2	1:157637024:G:A	0.0090790365854061
FCRL3	ENSG00000160856	CD4_TEM	2	1:157639193:G:A	0.0090790365854061
FCRL3	ENSG00000160856	CD4_TEM	2	1:157639862:A:G	0.00851573742088063
FCRL3	ENSG00000160856	CD4_TEM	2	1:157645471:T:A	0.0119881758797212
FCRL3	ENSG00000160856	CD4_TEM	2	1:157650353:T:C	0.0114867382713937
FCRL3	ENSG00000160856	CD4_TEM	2	1:157651723:T:C	0.0190552093816456
FCRL3	ENSG00000160856	CD4_TEM	2	1:157655723:T:C	0.011346849138487
FCRL3	ENSG00000160856	CD4_TEM	2	1:157657986:A:G	0.0190552093816456
FCRL3	ENSG00000160856	CD4_TEM	2	1:157663275:A:G	0.00798179483737416
FCRL3	ENSG00000160856	CD4_TEM	2	1:157663971:C:CA	0.0103622869376226
FCRL3	ENSG00000160856	CD4_TEM	2	1:157665017:G:A	0.0169487254958965
FCRL3	ENSG00000160856	CD4_TEM	2	1:157666187:G:C	0.0127542922493976
FCRL3	ENSG00000160856	CD4_TEM	2	1:157667008:A:G	0.00748890399004631
FCRL3	ENSG00000160856	CD4_TEM	2	1:157669169:C:T	0.0124543863997405
FCRL3	ENSG00000160856	CD4_TEM	2	1:157671699:A:G	0.0225342424287789
FCRL3	ENSG00000160856	CD4_TEM	2	1:157677736:A:T	0.0150450727467619
FCRL3	ENSG00000160856	CD4_TEM	2	1:157678581:T:G	0.0225342424287789
FCRL3	ENSG00000160856	CD4_TEM	2	1:157681242:T:A	0.0218858964880521
FCRL3	ENSG00000160856	CD4_TEM	2	1:157681314:T:C	0.0139428567765127
FCRL3	ENSG00000160856	CD4_TEM	2	1:157681692:A:G	0.0225342424287789
FCRL3	ENSG00000160856	CD4_TEM	2	1:157681728:G:C	0.0137238212573869
FCRL3	ENSG00000160856	CD4_TEM	2	1:157681764:G:A	0.021327050296038
FCRL3	ENSG00000160856	CD4_TEM	2	1:157684873:G:C	0.0220401279818963
FCRL3	ENSG00000160856	CD4_TEM	2	1:157685351:C:T	0.0220401279818963
FCRL3	ENSG00000160856	CD4_TEM	2	1:157686487:C:A	0.0167484659735813
FCRL3	ENSG00000160856	CD4_TEM	2	1:157687449:A:T	0.0225342424287789
FCRL3	ENSG00000160856	CD4_TEM	2	1:157687508:C:T	0.0220401279818963
FCRL3	ENSG00000160856	CD4_TEM	2	1:157687578:A:T	0.0150450727467619
FCRL3	ENSG00000160856	CD4_TEM	2	1:157688052:A:G	0.0150450727467619
FCRL3	ENSG00000160856	CD4_TEM	2	1:157698637:G:A	0.0112534211026221
FCRL3	ENSG00000160856	CD4_TEM	1	1:157699203:C:T	0.238563912399043
FCRL3	ENSG00000160856	CD4_TEM	1	1:157699488:C:T	0.240001683945553
FCRL3	ENSG00000160856	CD4_TEM	2	1:157699878:G:A	0.0115584070611215
FCRL3	ENSG00000160856	CD4_TEM	1	1:157700500:C:G	0.238563912399043
FCRL3	ENSG00000160856	CD4_TEM	1	1:157701026:A:G	0.28288474701623
FCRL3	ENSG00000160856	CD4_TEM	2	1:157701498:G:A	0.0115584070611217
FCRL3	ENSG00000160856	CD4_TEM	2	1:157702508:G:A	0.00947971878555576
FCRL3	ENSG00000160856	CD4_TEM	2	1:157705483:C:T	0.0206522381458384
FCRL3	ENSG00000160856	CD4_TEM	2	1:157714204:T:A	0.0123139631301065
FCRL3	ENSG00000160856	CD4_TEM	2	1:157717585:C:T	0.0101511642238331
FCRL3	ENSG00000160856	CD4_TEM	2	1:157719546:A:G	0.00730439446355791
FCRL3	ENSG00000160856	CD4_TEM	2	1:157719862:T:C	0.0063131533518852
FCRL3	ENSG00000160856	CD4_TEM	2	1:157724676:G:T	0.0120540356589128
FCRL3	ENSG00000160856	CD4_TEM	2	1:157732158:T:A	0.0591321241088469
FCRL3	ENSG00000160856	CD4_TEM	2	1:157732227:G:A	0.060346627455695
FCRL3	ENSG00000160856	CD4_TEM	2	1:157742232:AT:A	0.049477685687257
FCRL3	ENSG00000160856	CD4_TEM	2	1:157743996:G:A	0.049477685687257
FCRL3	ENSG00000160856	CD4_TEM	2	1:157747238:A:G	0.0102212537049452
FCRL3	ENSG00000160856	CD4_TEM	2	1:157756543:G:A	0.00651933519887049
FCRL3	ENSG00000160856	CD4_TEM	2	1:157756670:C:T	0.00704841062026318
FCRL3	ENSG00000160856	CD4_TEM	2	1:157760238:T:C	0.00972984216779338
FCRL3	ENSG00000160856	CD4_TEM	2	1:157762729:A:AACAAG	0.00972984216779338
FCRL3	ENSG00000160856	CD4_TEM	2	1:157763321:G:A	0.0143765265993384
FCRL3	ENSG00000160856	CD4_TEM	2	1:157763442:T:A	0.0167727657978135
FCRL3	ENSG00000160856	CD4_TEM	2	1:157763589:T:G	0.0155725082236585
FCRL3	ENSG00000160856	CD4_TEM	2	1:157765326:G:A	0.00815150043278512
FCRL3	ENSG00000160856	CD4_TEM	2	1:157772011:A:G	0.0104870467103128
FCRL3	ENSG00000160856	CD4_TEM	2	1:157774352:A:T	0.00815401773445579
FCRL3	ENSG00000160856	CD4_TEM	2	1:157780921:C:G	0.00752675196602193
FCRL3	ENSG00000160856	CD4_TEM	2	1:157784569:A:G	0.00752675196602193
FCRL3	ENSG00000160856	CD4_TEM	2	1:157796683:C:T	0.00752675196602193
FCRL3	ENSG00000160856	CD4_TEM	2	1:157798210:G:C	0.00710206478256314
IL12RB2	ENSG00000081985	MAIT	1	1:67322008:A:T	0.0114069855901521
IL12RB2	ENSG00000081985	MAIT	1	1:67322669:A:G	0.0509938862538345
IL12RB2	ENSG00000081985	MAIT	1	1:67324915:T:C	0.00951749041858285
IL12RB2	ENSG00000081985	MAIT	1	1:67326053:A:C	0.0284830620424842
IL12RB2	ENSG00000081985	MAIT	1	1:67327118:G:C	0.00867596502206658
IL12RB2	ENSG00000081985	MAIT	1	1:67327248:G:A	0.0826041801389271
IL12RB2	ENSG00000081985	MAIT	1	1:67327488:C:G	0.00936959243788094
IL12RB2	ENSG00000081985	MAIT	1	1:67329235:A:C	0.0098387097428273
IL12RB2	ENSG00000081985	MAIT	1	1:67330273:TAAAA:T	0.662047897695792
IL12RB2	ENSG00000081985	MAIT	1	1:67331838:CATAA:C	0.00942597930968558
IL12RB2	ENSG00000081985	MAIT	1	1:67332644:T:G	0.0411766364793104
IL12RB2	ENSG00000081985	MAIT	1	1:67332762:T:C	0.0086451074529551
IL12RB2	ENSG00000081985	MAIT	1	1:67333212:C:T	0.0411766364793104
IL12RB2	ENSG00000081985	MAIT	1	1:67333487:T:C	0.0411766364793104
IL12RB2	ENSG00000081985	MAIT	1	1:67336688:A:C	0.00862760922666073
UBASH3A	ENSG00000160185	MAIT	1	21:42434957:A:C	0.999998729557455
FCRL3	ENSG00000160856	MAIT	2	1:157582331:C:T	0.0173945430320203
FCRL3	ENSG00000160856	MAIT	2	1:157582341:C:A	0.0207333087114453
FCRL3	ENSG00000160856	MAIT	2	1:157583154:G:C	0.0164534118022878
FCRL3	ENSG00000160856	MAIT	2	1:157583890:G:T	0.0195924922695978
FCRL3	ENSG00000160856	MAIT	2	1:157584261:G:A	0.0206925606958664
FCRL3	ENSG00000160856	MAIT	2	1:157584907:TA:T	0.0205048697427578
FCRL3	ENSG00000160856	MAIT	2	1:157585219:C:T	0.0147419100721959
FCRL3	ENSG00000160856	MAIT	2	1:157585238:T:TCTTTC	0.032105672265003
FCRL3	ENSG00000160856	MAIT	2	1:157587911:G:A	0.0152108460284666
FCRL3	ENSG00000160856	MAIT	2	1:157589822:G:C	0.0185433033461612
FCRL3	ENSG00000160856	MAIT	2	1:157592787:A:G	0.0171000543167146
FCRL3	ENSG00000160856	MAIT	2	1:157598843:A:G	0.0224530925157569
FCRL3	ENSG00000160856	MAIT	2	1:157598985:A:C	0.0224530925157571
FCRL3	ENSG00000160856	MAIT	2	1:157599089:ATGTG:A	0.0180711709054052
FCRL3	ENSG00000160856	MAIT	2	1:157599404:G:A	0.0224530925157569
FCRL3	ENSG00000160856	MAIT	2	1:157600032:T:C	0.0224530925157569
FCRL3	ENSG00000160856	MAIT	2	1:157600286:T:C	0.0226644579860764
FCRL3	ENSG00000160856	MAIT	2	1:157600397:CAGA:C	0.0224530925157571
FCRL3	ENSG00000160856	MAIT	2	1:157600404:AT:A	0.0207941775449602
FCRL3	ENSG00000160856	MAIT	2	1:157600406:T:C	0.0224530925157569
FCRL3	ENSG00000160856	MAIT	2	1:157600575:T:G	0.0224530925157569
FCRL3	ENSG00000160856	MAIT	2	1:157600638:A:G	0.0180838049638889
FCRL3	ENSG00000160856	MAIT	2	1:157600761:A:G	0.0224530925157569
FCRL3	ENSG00000160856	MAIT	2	1:157601107:C:G	0.0224530925157569
FCRL3	ENSG00000160856	MAIT	2	1:157601159:A:G	0.0224530925157569
FCRL3	ENSG00000160856	MAIT	2	1:157601237:G:A	0.0238596271542612
FCRL3	ENSG00000160856	MAIT	2	1:157601261:C:T	0.0224530925157571
FCRL3	ENSG00000160856	MAIT	2	1:157601309:T:C	0.0224530925157571
FCRL3	ENSG00000160856	MAIT	2	1:157601627:A:T	0.0224530925157569
FCRL3	ENSG00000160856	MAIT	2	1:157601708:T:C	0.0224530925157569
FCRL3	ENSG00000160856	MAIT	2	1:157602033:G:A	0.0211725400309777
FCRL3	ENSG00000160856	MAIT	2	1:157602041:T:A	0.0211725400309777
FCRL3	ENSG00000160856	MAIT	2	1:157602224:TCTC:T	0.0224530925157569
FCRL3	ENSG00000160856	MAIT	2	1:157602239:G:C	0.0224530925157569
FCRL3	ENSG00000160856	MAIT	2	1:157602515:A:T	0.0281455821443896
FCRL3	ENSG00000160856	MAIT	2	1:157602901:T:C	0.0224530925157571
FCRL3	ENSG00000160856	MAIT	2	1:157602957:CT:C	0.0224530925157571
FCRL3	ENSG00000160856	MAIT	2	1:157602991:G:T	0.0224530925157569
FCRL3	ENSG00000160856	MAIT	2	1:157603015:A:G	0.0212741858419098
FCRL3	ENSG00000160856	MAIT	2	1:157603113:A:G	0.0211725400309777
FCRL3	ENSG00000160856	MAIT	2	1:157603181:T:C	0.0224530925157569
FCRL3	ENSG00000160856	MAIT	2	1:157603373:T:G	0.0224530925157569
FCRL3	ENSG00000160856	MAIT	2	1:157603374:A:C	0.0224530925157569
FCRL3	ENSG00000160856	MAIT	2	1:157608316:C:T	0.0243911469311272
FCRL3	ENSG00000160856	MAIT	2	1:157609274:G:C	0.0320918445807857
FCRL3	ENSG00000160856	MAIT	2	1:157609786:C:T	0.0269697875173761
FCRL3	ENSG00000160856	MAIT	2	1:157610348:A:G	0.0320918445807854
FCRL3	ENSG00000160856	MAIT	2	1:157610479:T:C	0.0320918445807854
FCRL3	ENSG00000160856	MAIT	2	1:157610721:C:G	0.0249691516897054
FCRL3	ENSG00000160856	MAIT	2	1:157610737:G:A	0.0249823518995974
FCRL3	ENSG00000160856	MAIT	2	1:157610883:C:T	0.0326097360785035
FCRL3	ENSG00000160856	MAIT	2	1:157610894:G:A	0.0301016662429608
FCRL3	ENSG00000160856	MAIT	2	1:157611037:T:C	0.0320918445807857
FCRL3	ENSG00000160856	MAIT	2	1:157611634:T:A	0.0160562533026616
FCRL3	ENSG00000160856	MAIT	2	1:157611748:TTATATATATATATA:T	0.0128522252662251
FCRL3	ENSG00000160856	MAIT	2	1:157612698:A:T	0.0311900519941546
FCRL3	ENSG00000160856	MAIT	2	1:157612779:G:T	0.0295013833016955
FCRL3	ENSG00000160856	MAIT	2	1:157615967:C:G	0.0158334105575348
FCRL3	ENSG00000160856	MAIT	2	1:157616377:G:A	0.0158334105575348
FCRL3	ENSG00000160856	MAIT	2	1:157616972:C:G	0.0159202260745296
FCRL3	ENSG00000160856	MAIT	2	1:157617119:C:G	0.0159202260745296
FCRL3	ENSG00000160856	MAIT	2	1:157617120:T:C	0.0159202260745298
FCRL3	ENSG00000160856	MAIT	2	1:157617436:A:G	0.0184029473910825
FCRL3	ENSG00000160856	MAIT	2	1:157618602:C:T	0.0124406323420053
FCRL3	ENSG00000160856	MAIT	2	1:157618640:G:A	0.0116295034532822
FCRL3	ENSG00000160856	MAIT	2	1:157618746:T:C	0.0116475722181902
FCRL3	ENSG00000160856	MAIT	2	1:157620204:G:T	0.0125809403181395
FCRL3	ENSG00000160856	MAIT	2	1:157620692:T:C	0.0117518997408692
FCRL3	ENSG00000160856	MAIT	2	1:157621346:T:A	0.012187087122931
FCRL3	ENSG00000160856	MAIT	2	1:157621489:G:C	0.0122201101806536
FCRL3	ENSG00000160856	MAIT	2	1:157621560:C:A	0.0122201101806536
FCRL3	ENSG00000160856	MAIT	2	1:157623739:G:C	0.0115449120676818
FCRL3	ENSG00000160856	MAIT	2	1:157626348:T:C	0.0115230393525797
FCRL3	ENSG00000160856	MAIT	2	1:157637729:A:G	0.0117405488418428
FCRL3	ENSG00000160856	MAIT	2	1:157639775:C:T	0.0116542091904558
FCRL3	ENSG00000160856	MAIT	2	1:157650968:T:G	0.0130146132956549
FCRL3	ENSG00000160856	MAIT	2	1:157653227:C:A	0.0130146132956549
FCRL3	ENSG00000160856	MAIT	2	1:157659902:T:C	0.0133308331222508
FCRL3	ENSG00000160856	MAIT	2	1:157660522:G:A	0.0133308331222508
FCRL3	ENSG00000160856	MAIT	2	1:157661521:T:C	0.0129868613518489
FCRL3	ENSG00000160856	MAIT	2	1:157664347:T:G	0.0135090006041808
FCRL3	ENSG00000160856	MAIT	2	1:157664500:A:G	0.013313537563491
FCRL3	ENSG00000160856	MAIT	2	1:157666504:A:C	0.012914124107378
FCRL3	ENSG00000160856	MAIT	2	1:157667481:A:G	0.013313537563491
FCRL3	ENSG00000160856	MAIT	2	1:157667711:C:A	0.0129378715891169
FCRL3	ENSG00000160856	MAIT	2	1:157668174:C:T	0.0138430364980425
FCRL3	ENSG00000160856	MAIT	2	1:157668485:A:G	0.0133308331222508
FCRL3	ENSG00000160856	MAIT	2	1:157668768:T:A	0.013313537563491
FCRL3	ENSG00000160856	MAIT	2	1:157670373:C:G	0.013313537563491
FCRL3	ENSG00000160856	MAIT	2	1:157671476:C:A	0.0133308331222508
FCRL3	ENSG00000160856	MAIT	2	1:157672292:A:G	0.013313537563491
FCRL3	ENSG00000160856	MAIT	2	1:157672691:T:A	0.013313537563491
FCRL3	ENSG00000160856	MAIT	2	1:157673406:C:T	0.013313537563491
FCRL3	ENSG00000160856	MAIT	2	1:157673667:A:G	0.013313537563491
FCRL3	ENSG00000160856	MAIT	2	1:157675486:T:C	0.013313537563491
FCRL3	ENSG00000160856	MAIT	2	1:157675906:C:G	0.013313537563491
FCRL3	ENSG00000160856	MAIT	2	1:157692058:C:G	0.0157148506626659
FCRL3	ENSG00000160856	MAIT	2	1:157696854:T:C	0.0206767577947159
FCRL3	ENSG00000160856	MAIT	2	1:157698600:T:C	0.0234914392945184
FCRL3	ENSG00000160856	MAIT	2	1:157698911:A:C	0.0229979173861605
FCRL3	ENSG00000160856	MAIT	2	1:157699203:C:T	0.0184341463967703
FCRL3	ENSG00000160856	MAIT	2	1:157699488:C:T	0.0188922422320891
FCRL3	ENSG00000160856	MAIT	2	1:157700500:C:G	0.0184341463967703
FCRL3	ENSG00000160856	MAIT	1	1:157700967:C:T	0.963224592659255
FCRL3	ENSG00000160856	MAIT	2	1:157701026:A:G	0.0174999213464568
IL12RB2	ENSG00000081985	NK_CD56bright	1	1:67210585:C:T	0.0493431733522508
IL12RB2	ENSG00000081985	NK_CD56bright	1	1:67238173:C:A	0.398137212888612
IL12RB2	ENSG00000081985	NK_CD56bright	1	1:67274925:C:T	0.548808614107928
UBASH3A	ENSG00000160185	NK_CD56bright	1	21:42359224:G:C	0.0926583582307516
UBASH3A	ENSG00000160185	NK_CD56bright	1	21:42359744:C:G	0.384406481366157
UBASH3A	ENSG00000160185	NK_CD56bright	1	21:42360317:G:A	0.384406481366157
UBASH3A	ENSG00000160185	NK_CD56bright	1	21:42361005:G:A	0.0924288811011276
FCRL3	ENSG00000160856	NK_CD56bright	2	1:157624299:A:T	0.0149811822304649
FCRL3	ENSG00000160856	NK_CD56bright	2	1:157630726:C:T	0.0179443855206266
FCRL3	ENSG00000160856	NK_CD56bright	2	1:157637024:G:A	0.0134232138526246
FCRL3	ENSG00000160856	NK_CD56bright	2	1:157639193:G:A	0.0134232138526246
FCRL3	ENSG00000160856	NK_CD56bright	2	1:157639862:A:G	0.011266583701087
FCRL3	ENSG00000160856	NK_CD56bright	2	1:157651723:T:C	0.0533165835323096
FCRL3	ENSG00000160856	NK_CD56bright	2	1:157657986:A:G	0.0533165835323096
FCRL3	ENSG00000160856	NK_CD56bright	2	1:157665017:G:A	0.0430559780347977
FCRL3	ENSG00000160856	NK_CD56bright	2	1:157669169:C:T	0.00443605774759448
FCRL3	ENSG00000160856	NK_CD56bright	2	1:157671699:A:G	0.0686544226237042
FCRL3	ENSG00000160856	NK_CD56bright	2	1:157677736:A:T	0.00322036851982022
FCRL3	ENSG00000160856	NK_CD56bright	2	1:157678581:T:G	0.0686544226237042
FCRL3	ENSG00000160856	NK_CD56bright	2	1:157681242:T:A	0.0480839645850544
FCRL3	ENSG00000160856	NK_CD56bright	2	1:157681314:T:C	0.00342952557361653
FCRL3	ENSG00000160856	NK_CD56bright	2	1:157681692:A:G	0.0686544226237042
FCRL3	ENSG00000160856	NK_CD56bright	2	1:157681728:G:C	0.0032703744935173
FCRL3	ENSG00000160856	NK_CD56bright	2	1:157681764:G:A	0.0594736510039076
FCRL3	ENSG00000160856	NK_CD56bright	2	1:157684873:G:C	0.0589279394585434
FCRL3	ENSG00000160856	NK_CD56bright	2	1:157685351:C:T	0.0589279394585434
FCRL3	ENSG00000160856	NK_CD56bright	2	1:157686487:C:A	0.0404792091079063
FCRL3	ENSG00000160856	NK_CD56bright	2	1:157687449:A:T	0.0686544226237042
FCRL3	ENSG00000160856	NK_CD56bright	2	1:157687508:C:T	0.0589279394585434
FCRL3	ENSG00000160856	NK_CD56bright	2	1:157687578:A:T	0.00322036851982022
FCRL3	ENSG00000160856	NK_CD56bright	1	1:157699203:C:T	0.270590139113938
FCRL3	ENSG00000160856	NK_CD56bright	1	1:157699488:C:T	0.290744589520968
FCRL3	ENSG00000160856	NK_CD56bright	2	1:157699878:G:A	0.0249649353048406
FCRL3	ENSG00000160856	NK_CD56bright	1	1:157700500:C:G	0.270590139113938
FCRL3	ENSG00000160856	NK_CD56bright	1	1:157701026:A:G	0.168059274537972
FCRL3	ENSG00000160856	NK_CD56bright	2	1:157701498:G:A	0.0249649353048407
FCRL3	ENSG00000160856	NK_CD56bright	2	1:157702508:G:A	0.0222024922005746
FCRL3	ENSG00000160856	NK_CD56bright	2	1:157705483:C:T	0.0200586649671362
FCRL3	ENSG00000160856	NK_CD56bright	2	1:157714204:T:A	0.00790717827979914
FCRL3	ENSG00000160856	NK_CD56bright	2	1:157717585:C:T	0.00603922551297764
FCRL3	ENSG00000160856	NK_CD56bright	2	1:157719546:A:G	0.00624982836567822
UBASH3A	ENSG00000160185	CD8_Naive	2	21:42399882:A:G	0.058393396664379
UBASH3A	ENSG00000160185	CD8_Naive	2	21:42401537:C:CA	0.054858940238838
UBASH3A	ENSG00000160185	CD8_Naive	2	21:42401798:GA:G	0.0666957638182373
UBASH3A	ENSG00000160185	CD8_Naive	2	21:42402091:C:A	0.0686283229748877
UBASH3A	ENSG00000160185	CD8_Naive	2	21:42402293:C:A	0.0534977092403851
UBASH3A	ENSG00000160185	CD8_Naive	2	21:42402419:CACAT:C	0.0534977092403851
UBASH3A	ENSG00000160185	CD8_Naive	2	21:42402602:T:C	0.0534977092403851
UBASH3A	ENSG00000160185	CD8_Naive	2	21:42403180:G:A	0.0676365751073147
UBASH3A	ENSG00000160185	CD8_Naive	2	21:42403627:C:A	0.108972744620341
UBASH3A	ENSG00000160185	CD8_Naive	2	21:42403801:A:G	0.0959771318304595
UBASH3A	ENSG00000160185	CD8_Naive	2	21:42404014:G:C	0.06559580541804
UBASH3A	ENSG00000160185	CD8_Naive	2	21:42404420:G:A	0.0727789311585065
UBASH3A	ENSG00000160185	CD8_Naive	2	21:42404877:A:G	0.0993963838332906
UBASH3A	ENSG00000160185	CD8_Naive	2	21:42405519:T:G	0.0629279118799334
UBASH3A	ENSG00000160185	CD8_Naive	2	21:42406235:C:T	0.085210750386753
UBASH3A	ENSG00000160185	CD8_Naive	1	21:42434957:A:C	1.0
IL12RB2	ENSG00000081985	NK_Proliferating	1	1:67322008:A:T	0.0573191135660003
IL12RB2	ENSG00000081985	NK_Proliferating	1	1:67322669:A:G	0.0641116315753784
IL12RB2	ENSG00000081985	NK_Proliferating	1	1:67324915:T:C	0.0572773716967188
IL12RB2	ENSG00000081985	NK_Proliferating	1	1:67326053:A:C	0.0341326526698504
IL12RB2	ENSG00000081985	NK_Proliferating	1	1:67327118:G:C	0.137587316791144
IL12RB2	ENSG00000081985	NK_Proliferating	1	1:67327488:C:G	0.0589971307771704
IL12RB2	ENSG00000081985	NK_Proliferating	1	1:67329235:A:C	0.0472344838374753
IL12RB2	ENSG00000081985	NK_Proliferating	1	1:67330958:ATTAAC:A	0.178325475950856
IL12RB2	ENSG00000081985	NK_Proliferating	1	1:67331838:CATAA:C	0.122546526026846
IL12RB2	ENSG00000081985	NK_Proliferating	1	1:67332644:T:G	0.0320552123206113
IL12RB2	ENSG00000081985	NK_Proliferating	1	1:67332762:T:C	0.1630124948995
IL12RB2	ENSG00000081985	NK_Proliferating	1	1:67333212:C:T	0.0320552123206113
IL12RB2	ENSG00000081985	NK_Proliferating	1	1:67333487:T:C	0.0320552123206113
IL12RB2	ENSG00000081985	NK_Proliferating	1	1:67336688:A:C	0.0285920473460478
FCRL3	ENSG00000160856	NK_Proliferating	1	1:157696854:T:C	0.0176347562677913
FCRL3	ENSG00000160856	NK_Proliferating	1	1:157699203:C:T	0.234772482770743
FCRL3	ENSG00000160856	NK_Proliferating	1	1:157699488:C:T	0.234772482770743
FCRL3	ENSG00000160856	NK_Proliferating	1	1:157700500:C:G	0.234772482770743
FCRL3	ENSG00000160856	NK_Proliferating	1	1:157701026:A:G	0.200724775838827
FCRL3	ENSG00000160856	NK_Proliferating	1	1:157705207:G:T	0.0304795583077663
IL12RB2	ENSG00000081985	CD4_TCM	2	1:67305751:T:TACACAC	0.114863265978748
IL12RB2	ENSG00000081985	CD4_TCM	2	1:67306328:A:G	0.181757637683021
IL12RB2	ENSG00000081985	CD4_TCM	2	1:67306340:A:G	0.181757637683021
IL12RB2	ENSG00000081985	CD4_TCM	2	1:67315434:A:G	0.117275617134764
IL12RB2	ENSG00000081985	CD4_TCM	2	1:67315848:A:G	0.131209409582982
IL12RB2	ENSG00000081985	CD4_TCM	2	1:67315951:AT:A	0.117275617134764
IL12RB2	ENSG00000081985	CD4_TCM	2	1:67316292:C:T	0.117275617134764
IL12RB2	ENSG00000081985	CD4_TCM	1	1:67322008:A:T	0.0234391181517987
IL12RB2	ENSG00000081985	CD4_TCM	1	1:67324915:T:C	0.0220081649351948
IL12RB2	ENSG00000081985	CD4_TCM	1	1:67326053:A:C	0.0254336566429705
IL12RB2	ENSG00000081985	CD4_TCM	1	1:67327118:G:C	0.0415973615124304
IL12RB2	ENSG00000081985	CD4_TCM	1	1:67327248:G:A	0.0448697316048208
IL12RB2	ENSG00000081985	CD4_TCM	1	1:67327488:C:G	0.0270572932927442
IL12RB2	ENSG00000081985	CD4_TCM	1	1:67329235:A:C	0.0508010906383741
IL12RB2	ENSG00000081985	CD4_TCM	1	1:67330958:ATTAAC:A	0.0683286586032003
IL12RB2	ENSG00000081985	CD4_TCM	1	1:67331838:CATAA:C	0.131157409649694
IL12RB2	ENSG00000081985	CD4_TCM	1	1:67332644:T:G	0.136808328192749
IL12RB2	ENSG00000081985	CD4_TCM	1	1:67332762:T:C	0.123882846463448
IL12RB2	ENSG00000081985	CD4_TCM	1	1:67333212:C:T	0.136808328192749
IL12RB2	ENSG00000081985	CD4_TCM	1	1:67333487:T:C	0.136808328192749
UBASH3A	ENSG00000160185	CD4_TCM	2	21:42399911:G:A	0.297367449901148
UBASH3A	ENSG00000160185	CD4_TCM	2	21:42401905:CT:C	0.581994712260993
UBASH3A	ENSG00000160185	CD4_TCM	3	21:42414978:A:G	0.388069467949928
UBASH3A	ENSG00000160185	CD4_TCM	3	21:42414981:C:T	0.295004204104495
UBASH3A	ENSG00000160185	CD4_TCM	3	21:42415383:T:C	0.0316452803487117
UBASH3A	ENSG00000160185	CD4_TCM	3	21:42420772:TA:T	0.12617540530514
UBASH3A	ENSG00000160185	CD4_TCM	3	21:42421796:G:A	0.112688797305626
UBASH3A	ENSG00000160185	CD4_TCM	2	21:42430604:C:G	0.0964358406495655
UBASH3A	ENSG00000160185	CD4_TCM	1	21:42434957:A:C	1.0
IL12RB2	ENSG00000081985	gdT	1	1:67322008:A:T	0.0618218016642905
IL12RB2	ENSG00000081985	gdT	1	1:67322669:A:G	0.0534305652893647
IL12RB2	ENSG00000081985	gdT	1	1:67324915:T:C	0.0506803326665111
IL12RB2	ENSG00000081985	gdT	1	1:67326053:A:C	0.0630875097538904
IL12RB2	ENSG00000081985	gdT	1	1:67327118:G:C	0.124025490181498
IL12RB2	ENSG00000081985	gdT	1	1:67327488:C:G	0.136992136304816
IL12RB2	ENSG00000081985	gdT	1	1:67329235:A:C	0.0583350962855524
IL12RB2	ENSG00000081985	gdT	1	1:67330958:ATTAAC:A	0.107560618555065
IL12RB2	ENSG00000081985	gdT	1	1:67331838:CATAA:C	0.194593083223051
IL12RB2	ENSG00000081985	gdT	1	1:67332644:T:G	0.0247009146364295
IL12RB2	ENSG00000081985	gdT	1	1:67332762:T:C	0.111479055337606
IL12RB2	ENSG00000081985	gdT	1	1:67333212:C:T	0.0247009146364295
UBASH3A	ENSG00000160185	gdT	1	21:42434957:A:C	0.99960087012815
FCRL3	ENSG00000160856	gdT	1	1:157699203:C:T	0.264739522350928
FCRL3	ENSG00000160856	gdT	1	1:157699488:C:T	0.244538602623429
FCRL3	ENSG00000160856	gdT	2	1:157699878:G:A	0.00416586064292823
FCRL3	ENSG00000160856	gdT	1	1:157700500:C:G	0.264739522350928
FCRL3	ENSG00000160856	gdT	1	1:157701026:A:G	0.223914617587911
FCRL3	ENSG00000160856	gdT	2	1:157702508:G:A	0.00761979118124978
FCRL3	ENSG00000160856	gdT	2	1:157705483:C:T	0.0558016340621952
FCRL3	ENSG00000160856	gdT	2	1:157756543:G:A	0.00600221038215076
FCRL3	ENSG00000160856	gdT	2	1:157756670:C:T	0.00621828427637927
FCRL3	ENSG00000160856	gdT	2	1:157760238:T:C	0.00717463672591223
FCRL3	ENSG00000160856	gdT	2	1:157762729:A:AACAAG	0.00717463672591223
FCRL3	ENSG00000160856	gdT	2	1:157763321:G:A	0.012341434400127
FCRL3	ENSG00000160856	gdT	2	1:157763442:T:A	0.0122422136658327
FCRL3	ENSG00000160856	gdT	2	1:157763589:T:G	0.00764157957459533
FCRL3	ENSG00000160856	gdT	2	1:157764029:C:CA	0.200816223418101
FCRL3	ENSG00000160856	gdT	2	1:157765326:G:A	0.14936179063799
FCRL3	ENSG00000160856	gdT	2	1:157772011:A:G	0.127359774489207
FCRL3	ENSG00000160856	gdT	2	1:157774352:A:T	0.0936945954361151
FCRL3	ENSG00000160856	gdT	2	1:157780921:C:G	0.0552726553675168
FCRL3	ENSG00000160856	gdT	2	1:157781487:C:CT	0.0218541741492148
FCRL3	ENSG00000160856	gdT	2	1:157784569:A:G	0.0552726553675168
FCRL3	ENSG00000160856	gdT	2	1:157796683:C:T	0.0552726553675169
FCRL3	ENSG00000160856	gdT	2	1:157798210:G:C	0.0670910459185176
IL12RB2	ENSG00000081985	CD8_TEM	2	1:67277002:A:C	0.0407785443377604
IL12RB2	ENSG00000081985	CD8_TEM	2	1:67277590:T:TA	0.0117445644253963
IL12RB2	ENSG00000081985	CD8_TEM	2	1:67278918:G:A	0.19412264527746
IL12RB2	ENSG00000081985	CD8_TEM	2	1:67282182:A:G	0.186516242575762
IL12RB2	ENSG00000081985	CD8_TEM	2	1:67283385:C:T	0.139410632570744
IL12RB2	ENSG00000081985	CD8_TEM	2	1:67285510:A:G	0.193593646603519
IL12RB2	ENSG00000081985	CD8_TEM	2	1:67286405:G:C	0.0104164805209677
IL12RB2	ENSG00000081985	CD8_TEM	2	1:67288753:C:CATAT	0.0266948264415229
IL12RB2	ENSG00000081985	CD8_TEM	2	1:67292754:A:T	0.031062807836214
IL12RB2	ENSG00000081985	CD8_TEM	2	1:67294457:T:C	0.166498943698064
IL12RB2	ENSG00000081985	CD8_TEM	1	1:67322669:A:G	0.0694874765483201
IL12RB2	ENSG00000081985	CD8_TEM	1	1:67326053:A:C	0.209550888440193
IL12RB2	ENSG00000081985	CD8_TEM	1	1:67327118:G:C	0.0323404682462844
IL12RB2	ENSG00000081985	CD8_TEM	1	1:67327248:G:A	0.166567782959471
IL12RB2	ENSG00000081985	CD8_TEM	1	1:67327488:C:G	0.0260343179307569
IL12RB2	ENSG00000081985	CD8_TEM	1	1:67332644:T:G	0.159807791564322
IL12RB2	ENSG00000081985	CD8_TEM	1	1:67333212:C:T	0.159807791564322
IL12RB2	ENSG00000081985	CD8_TEM	1	1:67333487:T:C	0.159807791564322
UBASH3A	ENSG00000160185	CD8_TEM	2	21:42399911:G:A	0.149485088482441
UBASH3A	ENSG00000160185	CD8_TEM	2	21:42401905:CT:C	0.794697232207573
UBASH3A	ENSG00000160185	CD8_TEM	2	21:42430604:C:G	0.0536427102886188
UBASH3A	ENSG00000160185	CD8_TEM	1	21:42434957:A:C	1.0
FCRL3	ENSG00000160856	CD8_TEM	2	1:157698600:T:C	0.0522583714159344
FCRL3	ENSG00000160856	CD8_TEM	2	1:157698911:A:C	0.0457434135795335
FCRL3	ENSG00000160856	CD8_TEM	2	1:157699203:C:T	0.220850573025674
FCRL3	ENSG00000160856	CD8_TEM	2	1:157699488:C:T	0.263743398714996
FCRL3	ENSG00000160856	CD8_TEM	2	1:157700500:C:G	0.220850573025674
FCRL3	ENSG00000160856	CD8_TEM	1	1:157700967:C:T	0.967844049041942
FCRL3	ENSG00000160856	CD8_TEM	2	1:157701026:A:G	0.222200095458792
UBASH3A	ENSG00000160185	CD4_Naive	2	21:42404877:A:G	0.00973757528624042
UBASH3A	ENSG00000160185	CD4_Naive	2	21:42406235:C:T	0.010411183290066
UBASH3A	ENSG00000160185	CD4_Naive	2	21:42414978:A:G	0.268476512614562
UBASH3A	ENSG00000160185	CD4_Naive	2	21:42414981:C:T	0.294235553913503
UBASH3A	ENSG00000160185	CD4_Naive	2	21:42415383:T:C	0.0962024414767026
UBASH3A	ENSG00000160185	CD4_Naive	2	21:42415512:C:T	0.106890011705831
UBASH3A	ENSG00000160185	CD4_Naive	2	21:42415560:C:T	0.10822693045578
UBASH3A	ENSG00000160185	CD4_Naive	2	21:42420772:TA:T	0.0373101700891183
UBASH3A	ENSG00000160185	CD4_Naive	2	21:42421796:G:A	0.0477297792685992
UBASH3A	ENSG00000160185	CD4_Naive	1	21:42434957:A:C	1.0
IL12RB2	ENSG00000081985	CD4_CTL	1	1:67322008:A:T	0.0465751942095175
IL12RB2	ENSG00000081985	CD4_CTL	1	1:67322669:A:G	0.0325823224926062
IL12RB2	ENSG00000081985	CD4_CTL	1	1:67324915:T:C	0.088711247715863
IL12RB2	ENSG00000081985	CD4_CTL	1	1:67327118:G:C	0.121967328759379
IL12RB2	ENSG00000081985	CD4_CTL	1	1:67327248:G:A	0.184800209874476
IL12RB2	ENSG00000081985	CD4_CTL	1	1:67327488:C:G	0.0958563258024393
IL12RB2	ENSG00000081985	CD4_CTL	1	1:67329235:A:C	0.0649045595062919
IL12RB2	ENSG00000081985	CD4_CTL	1	1:67330958:ATTAAC:A	0.0324738989441355
IL12RB2	ENSG00000081985	CD4_CTL	1	1:67331838:CATAA:C	0.0690302446453538
IL12RB2	ENSG00000081985	CD4_CTL	1	1:67332644:T:G	0.0629131344584402
IL12RB2	ENSG00000081985	CD4_CTL	1	1:67332762:T:C	0.0951111259009082
IL12RB2	ENSG00000081985	CD4_CTL	1	1:67333212:C:T	0.0629131344584402
IL12RB2	ENSG00000081985	CD4_CTL	1	1:67333487:T:C	0.0629131344584402
UBASH3A	ENSG00000160185	CD4_CTL	1	21:42434957:A:C	0.999233112304144
FCRL3	ENSG00000160856	CD4_CTL	1	1:157699203:C:T	0.274059477689376
FCRL3	ENSG00000160856	CD4_CTL	1	1:157699488:C:T	0.276625765178664
FCRL3	ENSG00000160856	CD4_CTL	1	1:157700500:C:G	0.274059477689376
FCRL3	ENSG00000160856	CD4_CTL	1	1:157701026:A:G	0.176953429278966
IL12RB2	ENSG00000081985	NK	2	1:67306704:AG:A	0.0204067654687429
IL12RB2	ENSG00000081985	NK	2	1:67307966:T:C	0.334562213142986
IL12RB2	ENSG00000081985	NK	2	1:67308095:TTA:T	0.24553996412886
IL12RB2	ENSG00000081985	NK	2	1:67308980:A:G	0.374750543915927
IL12RB2	ENSG00000081985	NK	1	1:67322669:A:G	0.283267369659017
IL12RB2	ENSG00000081985	NK	1	1:67324915:T:C	0.0553905185117877
IL12RB2	ENSG00000081985	NK	1	1:67326053:A:C	0.151147056790899
IL12RB2	ENSG00000081985	NK	1	1:67327118:G:C	0.0812175279503314
IL12RB2	ENSG00000081985	NK	1	1:67327248:G:A	0.0701462424452551
IL12RB2	ENSG00000081985	NK	1	1:67327488:C:G	0.0407110359997744
IL12RB2	ENSG00000081985	NK	1	1:67329235:A:C	0.0607752894517075
IL12RB2	ENSG00000081985	NK	1	1:67330958:ATTAAC:A	0.0493756554193412
IL12RB2	ENSG00000081985	NK	1	1:67332644:T:G	0.056252689168473
IL12RB2	ENSG00000081985	NK	1	1:67332762:T:C	0.0535404336731873
IL12RB2	ENSG00000081985	NK	1	1:67333212:C:T	0.056252689168473
IL12RB2	ENSG00000081985	NK	1	1:67333487:T:C	0.056252689168473
FCRL3	ENSG00000160856	NK	1	1:157699203:C:T	0.291364716138005
FCRL3	ENSG00000160856	NK	1	1:157699488:C:T	0.291364716138005
FCRL3	ENSG00000160856	NK	1	1:157700500:C:G	0.291364716138005
FCRL3	ENSG00000160856	NK	1	1:157701026:A:G	0.125496536307213
IL12RB2	ENSG00000081985	Treg	1	1:67305751:T:TACACAC	0.324199263611511
IL12RB2	ENSG00000081985	Treg	1	1:67306328:A:G	0.327213211403501
IL12RB2	ENSG00000081985	Treg	1	1:67306340:A:G	0.327213211403501
IL12RB2	ENSG00000081985	Treg	2	1:67322669:A:G	0.0466132087525709
IL12RB2	ENSG00000081985	Treg	2	1:67326053:A:C	0.0664559865611539
IL12RB2	ENSG00000081985	Treg	2	1:67327118:G:C	0.0358102598886021
IL12RB2	ENSG00000081985	Treg	2	1:67327248:G:A	0.109387228160708
IL12RB2	ENSG00000081985	Treg	2	1:67327488:C:G	0.0196305546513968
IL12RB2	ENSG00000081985	Treg	2	1:67331838:CATAA:C	0.0181060852408389
IL12RB2	ENSG00000081985	Treg	2	1:67332644:T:G	0.193176750977922
IL12RB2	ENSG00000081985	Treg	2	1:67332762:T:C	0.0391334757629427
IL12RB2	ENSG00000081985	Treg	2	1:67333212:C:T	0.193176750977922
IL12RB2	ENSG00000081985	Treg	2	1:67333487:T:C	0.193176750977922
IL12RB2	ENSG00000081985	Treg	2	1:67336688:A:C	0.0246872702762042
IL12RB2	ENSG00000081985	Treg	2	1:67354511:C:T	0.0175445064089523
UBASH3A	ENSG00000160185	Treg	2	21:42398547:A:G	0.0209915803461134
UBASH3A	ENSG00000160185	Treg	2	21:42399882:A:G	0.0186481434169185
UBASH3A	ENSG00000160185	Treg	2	21:42402293:C:A	0.0185855159219689
UBASH3A	ENSG00000160185	Treg	2	21:42402419:CACAT:C	0.0185855159219689
UBASH3A	ENSG00000160185	Treg	2	21:42402467:C:T	0.0186553250762566
UBASH3A	ENSG00000160185	Treg	2	21:42403180:G:A	0.0204064764267575
UBASH3A	ENSG00000160185	Treg	2	21:42403271:T:G	0.0388232243856679
UBASH3A	ENSG00000160185	Treg	2	21:42403627:C:A	0.0370765746593738
UBASH3A	ENSG00000160185	Treg	2	21:42403801:A:G	0.0249341210917298
UBASH3A	ENSG00000160185	Treg	2	21:42404014:G:C	0.0285092645146101
UBASH3A	ENSG00000160185	Treg	2	21:42404420:G:A	0.027975761989397
UBASH3A	ENSG00000160185	Treg	2	21:42404877:A:G	0.0382679740596872
UBASH3A	ENSG00000160185	Treg	2	21:42405410:G:C	0.0737915422292128
UBASH3A	ENSG00000160185	Treg	2	21:42405519:T:G	0.0300978946170115
UBASH3A	ENSG00000160185	Treg	2	21:42406235:C:T	0.0299087991974498
UBASH3A	ENSG00000160185	Treg	2	21:42406282:T:C	0.05485076787747
UBASH3A	ENSG00000160185	Treg	2	21:42406758:G:GT	0.05485076787747
UBASH3A	ENSG00000160185	Treg	2	21:42407656:A:G	0.080609543632848
UBASH3A	ENSG00000160185	Treg	2	21:42407720:T:C	0.05485076787747
UBASH3A	ENSG00000160185	Treg	2	21:42408158:C:T	0.051920874279076
UBASH3A	ENSG00000160185	Treg	2	21:42408831:T:C	0.0443482576788055
UBASH3A	ENSG00000160185	Treg	2	21:42424731:T:C	0.0944676332976691
UBASH3A	ENSG00000160185	Treg	2	21:42424983:T:C	0.119327633551044
UBASH3A	ENSG00000160185	Treg	2	21:42425185:T:C	0.0944676332976691
UBASH3A	ENSG00000160185	Treg	1	21:42434957:A:C	0.999999580089931
FCRL3	ENSG00000160856	Treg	1	1:157699203:C:T	0.23041628828697
FCRL3	ENSG00000160856	Treg	1	1:157699488:C:T	0.200117058454939
FCRL3	ENSG00000160856	Treg	1	1:157700500:C:G	0.23041628828697
FCRL3	ENSG00000160856	Treg	1	1:157701026:A:G	0.340925461178153
FCRL3	ENSG00000160856	Treg	2	1:157766308:A:G	0.0751490834206622
FCRL3	ENSG00000160856	Treg	2	1:157766641:C:A	0.0460918023579411
FCRL3	ENSG00000160856	Treg	2	1:157770999:G:C	0.111918549359456
FCRL3	ENSG00000160856	Treg	2	1:157771528:A:C	0.0690680228567145
FCRL3	ENSG00000160856	Treg	2	1:157774214:A:G	0.121028988379719
FCRL3	ENSG00000160856	Treg	2	1:157775058:C:T	0.0619453759244107
FCRL3	ENSG00000160856	Treg	2	1:157781566:C:T	0.0602599041884102
FCRL3	ENSG00000160856	Treg	2	1:157783783:T:G	0.0700187302315599
FCRL3	ENSG00000160856	Treg	2	1:157785637:C:G	0.114978875438407
FCRL3	ENSG00000160856	Treg	2	1:157792098:T:G	0.139278599646317
FCRL3	ENSG00000160856	Treg	2	1:157795174:C:T	0.0609353809301634
FCRL3	ENSG00000160856	Treg	2	1:157796656:C:T	0.0588621023143393
FCRL3	ENSG00000160856	B_intermediate	2	1:157620122:T:C	0.0186236218880704
FCRL3	ENSG00000160856	B_intermediate	2	1:157622311:G:T	0.0319532153929342
FCRL3	ENSG00000160856	B_intermediate	2	1:157623613:G:A	0.0319532153929342
FCRL3	ENSG00000160856	B_intermediate	2	1:157624299:A:T	0.020687510505276
FCRL3	ENSG00000160856	B_intermediate	2	1:157624798:C:A	0.0248646860308784
FCRL3	ENSG00000160856	B_intermediate	2	1:157625254:C:T	0.024864686030879
FCRL3	ENSG00000160856	B_intermediate	2	1:157625381:G:A	0.0319532153929342
FCRL3	ENSG00000160856	B_intermediate	2	1:157625620:G:A	0.0414561362974436
FCRL3	ENSG00000160856	B_intermediate	2	1:157625672:C:A	0.0319532153929348
FCRL3	ENSG00000160856	B_intermediate	2	1:157625829:T:A	0.0248646860308784
FCRL3	ENSG00000160856	B_intermediate	2	1:157627159:C:T	0.0248646860308784
FCRL3	ENSG00000160856	B_intermediate	2	1:157627649:G:A	0.0319532153929342
FCRL3	ENSG00000160856	B_intermediate	2	1:157628372:G:A	0.0319532153929342
FCRL3	ENSG00000160856	B_intermediate	2	1:157628398:TA:T	0.0428430719892281
FCRL3	ENSG00000160856	B_intermediate	2	1:157628643:A:G	0.0238959239397777
FCRL3	ENSG00000160856	B_intermediate	2	1:157630726:C:T	0.0283707858382528
FCRL3	ENSG00000160856	B_intermediate	2	1:157632227:T:C	0.0287574207388379
FCRL3	ENSG00000160856	B_intermediate	2	1:157632358:C:T	0.0287574207388374
FCRL3	ENSG00000160856	B_intermediate	2	1:157632489:A:G	0.0246920904927709
FCRL3	ENSG00000160856	B_intermediate	2	1:157636843:A:G	0.0377189512992224
FCRL3	ENSG00000160856	B_intermediate	2	1:157637024:G:A	0.0282818471251192
FCRL3	ENSG00000160856	B_intermediate	2	1:157639193:G:A	0.0282818471251192
FCRL3	ENSG00000160856	B_intermediate	2	1:157639862:A:G	0.031352085952732
FCRL3	ENSG00000160856	B_intermediate	2	1:157651723:T:C	0.0118077550647241
FCRL3	ENSG00000160856	B_intermediate	2	1:157657986:A:G	0.0118077550647241
FCRL3	ENSG00000160856	B_intermediate	2	1:157658769:T:C	0.00563741804704188
FCRL3	ENSG00000160856	B_intermediate	2	1:157665017:G:A	0.0159483423257452
FCRL3	ENSG00000160856	B_intermediate	2	1:157671699:A:G	0.0146792841835922
FCRL3	ENSG00000160856	B_intermediate	2	1:157678581:T:G	0.0146792841835922
FCRL3	ENSG00000160856	B_intermediate	2	1:157681242:T:A	0.00814331241018762
FCRL3	ENSG00000160856	B_intermediate	2	1:157681692:A:G	0.0146792841835922
FCRL3	ENSG00000160856	B_intermediate	2	1:157681764:G:A	0.0139996834367653
FCRL3	ENSG00000160856	B_intermediate	2	1:157684873:G:C	0.011637698621824
FCRL3	ENSG00000160856	B_intermediate	2	1:157685351:C:T	0.0116376986218241
FCRL3	ENSG00000160856	B_intermediate	2	1:157686487:C:A	0.022003928044886
FCRL3	ENSG00000160856	B_intermediate	2	1:157687449:A:T	0.0146792841835922
FCRL3	ENSG00000160856	B_intermediate	2	1:157687508:C:T	0.0116376986218241
FCRL3	ENSG00000160856	B_intermediate	2	1:157698637:G:A	0.00761488365832641
FCRL3	ENSG00000160856	B_intermediate	1	1:157699203:C:T	0.222121981468192
FCRL3	ENSG00000160856	B_intermediate	1	1:157699488:C:T	0.208122444994287
FCRL3	ENSG00000160856	B_intermediate	2	1:157699878:G:A	0.0363275613365354
FCRL3	ENSG00000160856	B_intermediate	1	1:157700500:C:G	0.222121981468192
FCRL3	ENSG00000160856	B_intermediate	1	1:157701026:A:G	0.347246990312689
FCRL3	ENSG00000160856	B_intermediate	2	1:157701498:G:A	0.0363275613365354
FCRL3	ENSG00000160856	B_intermediate	2	1:157702508:G:A	0.0156335036779961
CSK	ENSG00000103653	B_memory	1	15:74743483:T:TTTTG	0.00183785395432257
CSK	ENSG00000103653	B_memory	1	15:74751897:G:A	0.0170468969225285
CSK	ENSG00000103653	B_memory	1	15:74755085:T:C	0.0170468969225285
CSK	ENSG00000103653	B_memory	1	15:74755448:C:CTT	0.00336124235844504
CSK	ENSG00000103653	B_memory	1	15:74756121:GT:G	0.00217837776536434
CSK	ENSG00000103653	B_memory	1	15:74757602:G:A	0.0236234447933684
CSK	ENSG00000103653	B_memory	1	15:74758234:C:CAA	0.0147495265257057
CSK	ENSG00000103653	B_memory	1	15:74760154:C:T	0.00402561447459204
CSK	ENSG00000103653	B_memory	1	15:74762525:G:C	0.0209297454268185
CSK	ENSG00000103653	B_memory	1	15:74765404:CA:C	0.00571735584743849
CSK	ENSG00000103653	B_memory	1	15:74767286:A:G	0.0439923871662449
CSK	ENSG00000103653	B_memory	1	15:74769575:A:G	0.0396077430293063
CSK	ENSG00000103653	B_memory	1	15:74769588:A:G	0.0396077430293063
CSK	ENSG00000103653	B_memory	1	15:74770056:C:T	0.0451735445963024
CSK	ENSG00000103653	B_memory	1	15:74773303:G:C	0.0664529326548162
CSK	ENSG00000103653	B_memory	1	15:74777855:A:G	0.064203837699894
CSK	ENSG00000103653	B_memory	1	15:74779114:A:AAAAAC	0.0770355233136357
CSK	ENSG00000103653	B_memory	1	15:74785026:C:A	0.0609312703227211
CSK	ENSG00000103653	B_memory	1	15:74787809:C:A	0.0609312703227211
CSK	ENSG00000103653	B_memory	1	15:74788737:G:A	0.090449514475905
CSK	ENSG00000103653	B_memory	1	15:74790211:C:G	0.0820885101078698
CSK	ENSG00000103653	B_memory	1	15:74791153:C:A	0.079326397726409
CSK	ENSG00000103653	B_memory	1	15:74791940:G:C	0.00281640172999287
CSK	ENSG00000103653	B_memory	1	15:74796621:G:T	0.0164077766916523
CSK	ENSG00000103653	B_memory	1	15:74798008:C:T	0.00457081150246441
CSK	ENSG00000103653	B_memory	1	15:74805439:C:T	0.00563351229022568
CSK	ENSG00000103653	B_memory	1	15:74809189:C:T	0.0105295456011368
CSK	ENSG00000103653	B_memory	1	15:74810373:G:A	0.00477291362870946
CSK	ENSG00000103653	B_memory	1	15:74810510:T:C	0.0105295456011368
CSK	ENSG00000103653	B_memory	1	15:74810582:G:T	0.00392022855375251
CSK	ENSG00000103653	B_memory	1	15:74818014:G:GA	0.0040276051739252
CSK	ENSG00000103653	B_memory	1	15:74843916:A:C	0.00423041211388919
CSK	ENSG00000103653	B_memory	1	15:74843920:C:G	0.0181920611361747
CSK	ENSG00000103653	B_memory	1	15:74847355:A:G	0.0028831338826425
CSK	ENSG00000103653	B_memory	1	15:74848513:G:A	0.00228570476502055
FCRL3	ENSG00000160856	B_memory	2	1:157623613:G:A	0.00326870421014114
FCRL3	ENSG00000160856	B_memory	2	1:157624299:A:T	0.0171062143185754
FCRL3	ENSG00000160856	B_memory	2	1:157625381:G:A	0.00326870421014114
FCRL3	ENSG00000160856	B_memory	2	1:157625620:G:A	0.0047289727815869
FCRL3	ENSG00000160856	B_memory	2	1:157628398:TA:T	0.00338598558184433
FCRL3	ENSG00000160856	B_memory	2	1:157630726:C:T	0.0148309907867364
FCRL3	ENSG00000160856	B_memory	2	1:157632227:T:C	0.00415139041641122
FCRL3	ENSG00000160856	B_memory	2	1:157632358:C:T	0.00415139041641122
FCRL3	ENSG00000160856	B_memory	2	1:157632489:A:G	0.00330089493143937
FCRL3	ENSG00000160856	B_memory	2	1:157636843:A:G	0.0037800561423732
FCRL3	ENSG00000160856	B_memory	2	1:157637024:G:A	0.0188791889425902
FCRL3	ENSG00000160856	B_memory	2	1:157639193:G:A	0.0188791889425902
FCRL3	ENSG00000160856	B_memory	2	1:157639862:A:G	0.0211968333550263
FCRL3	ENSG00000160856	B_memory	2	1:157651723:T:C	0.0116728013086652
FCRL3	ENSG00000160856	B_memory	2	1:157653652:CTTAT:C	0.00372600420569624
FCRL3	ENSG00000160856	B_memory	2	1:157657986:A:G	0.0116728013086652
FCRL3	ENSG00000160856	B_memory	2	1:157658769:T:C	0.00891180122796842
FCRL3	ENSG00000160856	B_memory	2	1:157658913:CA:C	0.00891180122796842
FCRL3	ENSG00000160856	B_memory	2	1:157665017:G:A	0.013197630908542
FCRL3	ENSG00000160856	B_memory	2	1:157671225:A:G	0.00621929355851003
FCRL3	ENSG00000160856	B_memory	2	1:157671699:A:G	0.0099649410115481
FCRL3	ENSG00000160856	B_memory	2	1:157678581:T:G	0.00996494101154832
FCRL3	ENSG00000160856	B_memory	2	1:157681242:T:A	0.00748092845285775
FCRL3	ENSG00000160856	B_memory	2	1:157681692:A:G	0.00996494101154832
FCRL3	ENSG00000160856	B_memory	2	1:157681764:G:A	0.00914520913911776
FCRL3	ENSG00000160856	B_memory	2	1:157684873:G:C	0.0101694695186971
FCRL3	ENSG00000160856	B_memory	2	1:157685351:C:T	0.0101694695186971
FCRL3	ENSG00000160856	B_memory	2	1:157686487:C:A	0.013697134955838
FCRL3	ENSG00000160856	B_memory	2	1:157687449:A:T	0.0099649410115481
FCRL3	ENSG00000160856	B_memory	2	1:157687508:C:T	0.0101694695186971
FCRL3	ENSG00000160856	B_memory	2	1:157698637:G:A	0.00729692998054532
FCRL3	ENSG00000160856	B_memory	1	1:157699203:C:T	0.207022030634324
FCRL3	ENSG00000160856	B_memory	1	1:157699488:C:T	0.195277533699952
FCRL3	ENSG00000160856	B_memory	2	1:157699878:G:A	0.24386371215505
FCRL3	ENSG00000160856	B_memory	1	1:157700500:C:G	0.207022030634324
FCRL3	ENSG00000160856	B_memory	1	1:157701026:A:G	0.390645161368928
FCRL3	ENSG00000160856	B_memory	2	1:157701498:G:A	0.243863712155053
FCRL3	ENSG00000160856	B_memory	2	1:157702508:G:A	0.149735889326511
FCRL3	ENSG00000160856	B_memory	2	1:157705483:C:T	0.0212616066035943
IL12RB2	ENSG00000081985	CD8_TCM	2	1:67223253:C:CTAAA	0.516227099890518
IL12RB2	ENSG00000081985	CD8_TCM	2	1:67225072:G:A	0.0378460184126203
IL12RB2	ENSG00000081985	CD8_TCM	2	1:67227552:C:T	0.0264389164754754
IL12RB2	ENSG00000081985	CD8_TCM	2	1:67228363:CTT:C	0.0235748985882477
IL12RB2	ENSG00000081985	CD8_TCM	2	1:67229361:A:G	0.0237947439367522
IL12RB2	ENSG00000081985	CD8_TCM	2	1:67231536:C:G	0.0232449779363408
IL12RB2	ENSG00000081985	CD8_TCM	2	1:67234756:G:T	0.0214393605291064
IL12RB2	ENSG00000081985	CD8_TCM	2	1:67237502:A:C	0.0214393605291064
IL12RB2	ENSG00000081985	CD8_TCM	2	1:67240626:C:T	0.0249795181971992
IL12RB2	ENSG00000081985	CD8_TCM	2	1:67242987:A:G	0.0365309632355441
IL12RB2	ENSG00000081985	CD8_TCM	2	1:67243259:C:A	0.0361017068041902
IL12RB2	ENSG00000081985	CD8_TCM	2	1:67246067:A:G	0.0277547645354983
IL12RB2	ENSG00000081985	CD8_TCM	2	1:67246592:A:T	0.0365309632355441
IL12RB2	ENSG00000081985	CD8_TCM	2	1:67248064:A:G	0.0249795181971992
IL12RB2	ENSG00000081985	CD8_TCM	2	1:67254228:C:G	0.0249795181971992
IL12RB2	ENSG00000081985	CD8_TCM	2	1:67255415:C:T	0.0252732946735439
IL12RB2	ENSG00000081985	CD8_TCM	2	1:67261872:C:T	0.0237513077365928
IL12RB2	ENSG00000081985	CD8_TCM	1	1:67322008:A:T	0.0724884423575438
IL12RB2	ENSG00000081985	CD8_TCM	1	1:67324915:T:C	0.0672372340984386
IL12RB2	ENSG00000081985	CD8_TCM	1	1:67326053:A:C	0.0373683065082677
IL12RB2	ENSG00000081985	CD8_TCM	1	1:67327118:G:C	0.0907347656441162
IL12RB2	ENSG00000081985	CD8_TCM	1	1:67327248:G:A	0.02928263424582
IL12RB2	ENSG00000081985	CD8_TCM	1	1:67327488:C:G	0.0878107864392502
IL12RB2	ENSG00000081985	CD8_TCM	1	1:67329235:A:C	0.158852955130744
IL12RB2	ENSG00000081985	CD8_TCM	1	1:67330958:ATTAAC:A	0.0752215697175787
IL12RB2	ENSG00000081985	CD8_TCM	1	1:67331838:CATAA:C	0.103096248732856
IL12RB2	ENSG00000081985	CD8_TCM	1	1:67332644:T:G	0.0319723477650998
IL12RB2	ENSG00000081985	CD8_TCM	1	1:67332762:T:C	0.112544707221715
IL12RB2	ENSG00000081985	CD8_TCM	1	1:67333212:C:T	0.0319723477650998
IL12RB2	ENSG00000081985	CD8_TCM	1	1:67333487:T:C	0.0319723477650998
IL12RB2	ENSG00000081985	CD8_TCM	1	1:67336688:A:C	0.0281503498082695
UBASH3A	ENSG00000160185	CD8_TCM	2	21:42399911:G:A	0.137525987536364
UBASH3A	ENSG00000160185	CD8_TCM	2	21:42401905:CT:C	0.258355264409295
UBASH3A	ENSG00000160185	CD8_TCM	3	21:42414978:A:G	0.239199871431192
UBASH3A	ENSG00000160185	CD8_TCM	3	21:42414981:C:T	0.237157898977769
UBASH3A	ENSG00000160185	CD8_TCM	3	21:42415383:T:C	0.0184067410878517
UBASH3A	ENSG00000160185	CD8_TCM	3	21:42415512:C:T	0.0199688058376719
UBASH3A	ENSG00000160185	CD8_TCM	3	21:42415560:C:T	0.0177027085642278
UBASH3A	ENSG00000160185	CD8_TCM	3	21:42417945:T:C	0.068950820801275
UBASH3A	ENSG00000160185	CD8_TCM	3	21:42419621:T:C	0.0724627820693183
UBASH3A	ENSG00000160185	CD8_TCM	3	21:42420772:TA:T	0.129108359669611
UBASH3A	ENSG00000160185	CD8_TCM	3	21:42421219:C:A	0.0400961114510664
UBASH3A	ENSG00000160185	CD8_TCM	3	21:42421718:G:A	0.0419881463259318
UBASH3A	ENSG00000160185	CD8_TCM	3	21:42421796:G:A	0.123783590368058
UBASH3A	ENSG00000160185	CD8_TCM	2	21:42430604:C:G	0.613724036364612
UBASH3A	ENSG00000160185	CD8_TCM	1	21:42434957:A:C	1.0
FCRL3	ENSG00000160856	CD8_TCM	1	1:157699203:C:T	0.199124077056656
FCRL3	ENSG00000160856	CD8_TCM	1	1:157699488:C:T	0.199124077056656
FCRL3	ENSG00000160856	CD8_TCM	1	1:157700500:C:G	0.199124077056656
FCRL3	ENSG00000160856	CD8_TCM	1	1:157701026:A:G	0.402605731019811
INAVA	ENSG00000163362	CD4_Proliferating	1	1:200917808:G:GCTCTCTCTCTCTCTCTCTCT	0.998281077511698
CSK	ENSG00000103653	pDC	1	15:74741059:A:G	0.00193392350578381
CSK	ENSG00000103653	pDC	1	15:74742915:T:C	0.00193574076463199
CSK	ENSG00000103653	pDC	1	15:74743483:T:TTTTG	0.00262306292788672
CSK	ENSG00000103653	pDC	1	15:74751897:G:A	0.0176163148138329
CSK	ENSG00000103653	pDC	1	15:74753733:CA:C	0.00314186684069329
CSK	ENSG00000103653	pDC	1	15:74755085:T:C	0.0176163148138329
CSK	ENSG00000103653	pDC	1	15:74755448:C:CTT	0.0106432502379282
CSK	ENSG00000103653	pDC	1	15:74756121:GT:G	0.0242581881368882
CSK	ENSG00000103653	pDC	1	15:74757602:G:A	0.010211074307188
CSK	ENSG00000103653	pDC	1	15:74758234:C:CAA	0.00314250123955917
CSK	ENSG00000103653	pDC	1	15:74760154:C:T	0.00388067576111006
CSK	ENSG00000103653	pDC	1	15:74762525:G:C	0.0118746899168342
CSK	ENSG00000103653	pDC	1	15:74765404:CA:C	0.00386638670124684
CSK	ENSG00000103653	pDC	1	15:74767286:A:G	0.00843532665490898
CSK	ENSG00000103653	pDC	1	15:74769575:A:G	0.00850518404538059
CSK	ENSG00000103653	pDC	1	15:74769588:A:G	0.00850518404538059
CSK	ENSG00000103653	pDC	1	15:74770056:C:T	0.00809428166679338
CSK	ENSG00000103653	pDC	1	15:74773303:G:C	0.0182054983005613
CSK	ENSG00000103653	pDC	1	15:74777855:A:G	0.0145087646024782
CSK	ENSG00000103653	pDC	1	15:74779114:A:AAAAAC	0.0163218918529674
CSK	ENSG00000103653	pDC	1	15:74785026:C:A	0.0218452472414714
CSK	ENSG00000103653	pDC	1	15:74786002:C:T	0.0107681132687025
CSK	ENSG00000103653	pDC	1	15:74787809:C:A	0.0218452472414714
CSK	ENSG00000103653	pDC	1	15:74788737:G:A	0.0314625552918792
CSK	ENSG00000103653	pDC	1	15:74790211:C:G	0.0225507303895744
CSK	ENSG00000103653	pDC	1	15:74791153:C:A	0.0221629913917771
CSK	ENSG00000103653	pDC	1	15:74794045:G:A	0.0019804655868787
CSK	ENSG00000103653	pDC	1	15:74796621:G:T	0.0203818457889983
CSK	ENSG00000103653	pDC	1	15:74798008:C:T	0.0314735114290559
CSK	ENSG00000103653	pDC	1	15:74800043:T:C	0.00213908915983274
CSK	ENSG00000103653	pDC	1	15:74803142:T:C	0.00188331730888969
CSK	ENSG00000103653	pDC	1	15:74805439:C:T	0.0213059736666155
CSK	ENSG00000103653	pDC	1	15:74809189:C:T	0.0274049188095487
CSK	ENSG00000103653	pDC	1	15:74810373:G:A	0.0280458843605509
CSK	ENSG00000103653	pDC	1	15:74810510:T:C	0.0274465323500741
CSK	ENSG00000103653	pDC	1	15:74810582:G:T	0.0309252516935127
CSK	ENSG00000103653	pDC	1	15:74811490:CA:C	0.00340391498257864
CSK	ENSG00000103653	pDC	1	15:74818014:G:GA	0.0137046189303919
CSK	ENSG00000103653	pDC	1	15:74821981:T:C	0.0260859918527406
CSK	ENSG00000103653	pDC	1	15:74822033:C:G	0.00197852690319444
CSK	ENSG00000103653	pDC	1	15:74823075:T:G	0.00195631588094591
CSK	ENSG00000103653	pDC	1	15:74823554:G:A	0.00193658072771496
CSK	ENSG00000103653	pDC	1	15:74823826:C:T	0.0199115688635165
CSK	ENSG00000103653	pDC	1	15:74823843:C:G	0.00190946021808758
CSK	ENSG00000103653	pDC	1	15:74833304:A:C	0.0136231276035044
CSK	ENSG00000103653	pDC	1	15:74837253:G:A	0.0560874195368684
CSK	ENSG00000103653	pDC	1	15:74844353:T:C	0.00875999635925162
CSK	ENSG00000103653	pDC	1	15:74846446:CAA:C	0.00363177674275617
CSK	ENSG00000103653	pDC	1	15:74847085:A:G	0.00750094943610147
CSK	ENSG00000103653	pDC	1	15:74847355:A:G	0.006375343541975
CSK	ENSG00000103653	pDC	1	15:74848513:G:A	0.00705206675943248
CSK	ENSG00000103653	pDC	1	15:74856264:C:CT	0.0844318979339517
CSK	ENSG00000103653	pDC	1	15:74859616:C:CTT	0.0220664937149155
CSK	ENSG00000103653	pDC	1	15:74860685:T:TAAA	0.0066839085298962
CSK	ENSG00000103653	pDC	1	15:74863321:T:C	0.0055982943531403
CSK	ENSG00000103653	pDC	1	15:74863555:C:T	0.0155078913778049
CSK	ENSG00000103653	pDC	1	15:74865241:C:T	0.00664411715903845
CSK	ENSG00000103653	pDC	1	15:74865380:C:CA	0.00327563971371803
CSK	ENSG00000103653	pDC	1	15:74865785:C:CA	0.00245331371944502
CSK	ENSG00000103653	pDC	1	15:74865785:C:CAA	0.00394810554088143
CSK	ENSG00000103653	pDC	1	15:74867092:A:G	0.00372119356590894
CSK	ENSG00000103653	pDC	1	15:74868657:G:C	0.00544857909718766
CSK	ENSG00000103653	pDC	1	15:74872189:G:A	0.00636697688181831
CSK	ENSG00000103653	pDC	1	15:74873994:G:A	0.0178692241438669
CSK	ENSG00000103653	pDC	1	15:74875902:A:ATTT	0.00698407940702428
CSK	ENSG00000103653	pDC	1	15:74877741:A:G	0.00542995531712487
CSK	ENSG00000103653	pDC	1	15:74879058:GT:G	0.00497068908623199
CSK	ENSG00000103653	pDC	1	15:74881584:G:T	0.0112649022244287
CSK	ENSG00000103653	pDC	1	15:74883116:G:C	0.0212623152041451
CSK	ENSG00000103653	pDC	1	15:74883756:G:GT	0.00690260931315179
CSK	ENSG00000103653	pDC	1	15:74888551:T:G	0.00593537182647741
CSK	ENSG00000103653	pDC	1	15:74891594:G:A	0.0212623152041451
CSK	ENSG00000103653	pDC	1	15:74891743:T:G	0.0212623152041451
CSK	ENSG00000103653	pDC	1	15:74892117:G:C	0.00590850295424816
CSK	ENSG00000103653	pDC	1	15:74893329:A:G	0.00590850295424816
CSK	ENSG00000103653	pDC	1	15:74894623:C:CA	0.00247966930142829
CSK	ENSG00000103653	pDC	1	15:74897589:A:G	0.00469456333723428
CSK	ENSG00000103653	pDC	1	15:74899881:T:G	0.00401838040159419
CSK	ENSG00000103653	pDC	1	15:74900663:T:C	0.00498590202025273
FCRL3	ENSG00000160856	ILC	1	1:157698600:T:C	0.0066813925521586
FCRL3	ENSG00000160856	ILC	1	1:157698911:A:C	0.00667639980649559
FCRL3	ENSG00000160856	ILC	1	1:157699203:C:T	0.125942271732544
FCRL3	ENSG00000160856	ILC	1	1:157699488:C:T	0.125942271732544
FCRL3	ENSG00000160856	ILC	1	1:157700500:C:G	0.125942271732544
FCRL3	ENSG00000160856	ILC	1	1:157701026:A:G	0.125942271732544
FCRL3	ENSG00000160856	ILC	1	1:157705207:G:T	0.292899493047326
FCRL3	ENSG00000160856	ILC	1	1:157712515:CT:C	0.050313507122528
FCRL3	ENSG00000160856	ILC	1	1:157716547:G:T	0.0112739548232063
FCRL3	ENSG00000160856	ILC	1	1:157735935:C:T	0.0729450265004935
FCRL3	ENSG00000160856	ILC	1	1:157755474:T:G	0.00844558458461764
