gene	source_gene_symbol	cell	variant	p	q	source_significant	slope	slope_se
TRAFD1	TRAFD1	B_MEM	12:113525227	7.863884281976504e-05	0.23579070113808823	False	0.21581401	0.05441855
CSK	CSK	CD8_S100B	15:76068554	0.0038301738524707924	0.6549383235442787	False	0.12589404	0.043426037
CSK	CSK	CD8_NC	15:74231857	0.0042724883955241	0.6662068657509771	False	0.10212891	0.035657745
FCRL3	FCRL3	Mono_NC	1:158008229	0.00039097790231795623	0.717631399242166	False	0.37087053	0.10405599
UBASH3A	UBASH3A	Mono_NC	21:43643583	0.0005589368198680775	0.5168835383245676	False	0.32671967	0.09422372
UBASH3A	UBASH3A	CD4_SOX4	21:43786371	0.00238613019483425	0.9124175543383165	False	0.37666643	0.122856766
CSK	CSK	CD4_NC	15:74440419	0.00018088662629086368	0.0866194811380704	False	0.10928143	0.029071849
CSK	CSK	Plasma	15:74710593	0.00038736363363007294	0.934933563340594	False	-0.6573373	0.18254381
UBASH3A	UBASH3A	Mono_C	21:44716264	6.675025002533573e-05	0.400579680299637	False	0.4026705	0.10046799
IL12RB2	IL12RB2	NK_R	1:67842475	0.001067771950968456	0.9680204929803892	False	0.26821294	0.08164285
FCRL3	FCRL3	NK_R	1:157625122	7.185834922660863e-09	0.0030254649237514146	True	-0.29108542	0.04971095
IL12RB2	IL12RB2	CD8_ET	1:67802371	0.0002801561630667499	0.46744216601890654	False	0.2178274	0.05973655
FCRL3	FCRL3	CD8_ET	1:157670757	1.5228907375804516e-28	2.0685041981175383e-21	True	0.506748	0.04425779
TRAFD1	TRAFD1	CD8_S100B	12:113568531	0.021140301592800042	0.8823279953317068	False	0.19681495	0.08522519
TRAFD1	TRAFD1	CD8_NC	12:113513958	0.0024398910241433037	0.4533001384121449	False	0.12723127	0.04186952
CSK	CSK	B_MEM	15:75281597	0.0018461969906026171	0.689238326261269	False	0.17356947	0.055583004
TRAFD1	TRAFD1	Plasma	12:113452481	0.0029239981927875473	0.8182772974890802	False	0.32700267	0.10873313
IL12RB2	IL12RB2	CD8_S100B	1:66850403	0.0021141033612070426	0.745471801822506	False	0.23701918	0.07689715
FCRL3	FCRL3	CD8_S100B	1:157338972	0.0002940931066047668	0.6197373164732024	False	0.25568208	0.07035651
TRAFD1	TRAFD1	CD4_NC	12:111657780	0.007973700514807393	0.5347410398216114	False	-0.19017689	0.07152876
UBASH3A	UBASH3A	B_IN	21:43130393	3.278840827432141e-05	0.23723488308582993	False	0.30985045	0.07424936
IL12RB2	IL12RB2	CD8_NC	1:68393522	0.000496590744311704	0.4473868966000244	False	-0.20422344	0.058440857
FCRL3	FCRL3	CD8_NC	1:157669580	8.880071923221014e-10	4.590461652689837e-05	True	0.32338193	0.052239206
CSK	CSK	CD8_ET	15:75018340	0.0045002236397639625	0.6323728082570274	False	0.16392723	0.057568572
UBASH3A	UBASH3A	NK	21:43135545	0.0009381129893414996	0.6569994990507897	False	0.25023583	0.07539996
CSK	CSK	CD4_ET	15:75432517	0.0014075035622591462	0.4491187159209812	False	0.13591857	0.042442158
FCRL3	FCRL3	DC	1:158518939	0.0001475286963134338	0.5899980472346328	False	0.24051613	0.06302842
FCRL3	FCRL3	Mono_C	1:157937353	0.005149108990948394	0.8126258815319417	False	0.15439248	0.055041857
TRAFD1	TRAFD1	CD8_ET	12:113318259	0.0011389954917469616	0.3661094701255244	False	0.13525364	0.04144337
TRAFD1	TRAFD1	CD4_ET	12:113264926	0.030667073405178765	0.7980117252781153	False	0.12546866	0.057964895
CSK	CSK	NK_R	15:76021782	0.00018167912876319926	0.6304140129153867	False	0.40030357	0.10639157
FCRL3	FCRL3	B_IN	1:157668993	3.453831258898513e-26	2.140505413738482e-18	True	0.44081473	0.040414
CSK	CSK	NK	15:76037457	0.00016702043624724247	0.16085003806383205	False	0.25509363	0.067499064
UBASH3A	UBASH3A	CD8_ET	21:43855067	1.4209788510814745e-06	0.014309115492426918	True	0.19543707	0.0402742
UBASH3A	UBASH3A	CD4_ET	21:43855067	1.5439065407691378e-06	0.015285019419117364	True	0.20329997	0.042040758
TRAFD1	TRAFD1	DC	12:113415299	2.1372139641850005e-05	0.25895083885432013	False	0.28719553	0.067118816
TRAFD1	TRAFD1	NK	12:113507625	0.00036723419056769994	0.23144195835754283	False	0.31029055	0.086786814
TRAFD1	TRAFD1	NK_R	12:113498345	0.008556610283929086	0.8557827080861251	False	-0.18165837	0.068903364
IL12RB2	IL12RB2	CD4_NC	1:67965793	0.004226172427060777	0.5291083199296119	False	0.14540529	0.050705835
FCRL3	FCRL3	CD4_NC	1:157668993	3.779630832206348e-07	0.0021097397331734085	True	0.21763259	0.042544525
INAVA	C1orf106	CD4_NC	1:201096610	0.0003916691313663943	0.3180112707050386	False	0.22905767	0.06437449
CSK	CSK	DC	15:75593103	0.0031736404621617513	0.7513838345456183	False	0.2261129	0.076374784
FCRL3	FCRL3	B_MEM	1:157668993	4.682733006928984e-09	0.00032597320293124897	True	0.23228395	0.03928391
CSK	CSK	CD4_SOX4	15:74247468	0.0008449249870402294	0.9466380829814429	False	0.2720989	0.08062551
CSK	CSK	Mono_NC	15:74257029	0.000618087408449111	0.6362654747911125	False	-0.1850877	0.053806588
UBASH3A	UBASH3A	CD8_S100B	21:43866505	0.000129879839355795	0.23506715622488314	False	0.1601161	0.04166778
UBASH3A	UBASH3A	CD8_NC	21:43855067	7.889742684712747e-12	3.4306255167388913e-07	True	0.2723884	0.039325062
CSK	CSK	Mono_C	15:74418455	0.0006447030934593278	0.7706856854212479	False	0.2996568	0.087488554
IL12RB2	IL12RB2	CD4_ET	1:66851628	0.0005324650705307635	0.5375969065674164	False	0.18927234	0.054456983
FCRL3	FCRL3	CD4_ET	1:157674997	6.908614330658918e-05	0.2718002287847751	False	0.17742631	0.04439069
UBASH3A	UBASH3A	CD4_NC	21:43855067	1.2595417145687472e-25	8.122287059140874e-20	True	0.2970554	0.027574332
TRAFD1	TRAFD1	B_IN	12:113369644	0.0027082054096509763	0.6535216049835013	False	0.27061713	0.08999817
UBASH3A	UBASH3A	B_MEM	21:43242083	5.8764629480385275e-06	0.1446356937198341	False	0.25869358	0.0567736
IL12RB2	IL12RB2	NK	1:67787691	2.4714282667420043e-14	7.53289758039746e-09	True	0.44062313	0.056911312
FCRL3	FCRL3	NK	1:157668701	1.3757761845999055e-23	7.614622221089763e-17	True	0.4103607	0.03991875
TRAFD1	TRAFD1	Mono_NC	12:111634757	0.0019150550454207955	0.6973692909922874	False	-0.35017815	0.112400465
TRAFD1	TRAFD1	CD4_SOX4	12:113488820	0.0008149289285057595	0.8424281487221092	False	-0.31744498	0.09377436
CSK	CSK	B_IN	15:75052771	0.0006262602000927021	0.5817869539628449	False	0.13398965	0.03904833
TRAFD1	TRAFD1	Mono_C	12:113422313	0.0011633174512061713	0.5909895116233356	False	0.2482154	0.07616205
