nsnps	hit1	hit2	PP.H0.abf	PP.H1.abf	PP.H2.abf	PP.H3.abf	PP.H4.abf	idx1	idx2	gene	cell_type	gjoka_locus_index	config	p12	H4_over_H3H4	H4_ratio_p12_1e6	robust_pair
1016	1:67820194	1:67825399	3.5852799422962596e-78	1.61693170863249e-08	6.56946710193628e-73	0.0019647402821849	0.998035243548497	1	1	IL12RB2	NK	2	PF10_L20	1e-05	0.998035259686046	0.980693978725172	True
1016	1:67820194	1:67825399	4.77428290967731e-78	1.61906966575033e-08	8.74812985743414e-73	0.0019686616770417	0.998031322132253	1	1	IL12RB2	NK	2	PF10_L10	1e-05	0.998031338291084	0.980656116967296	True
1016	1:67820194	1:67825399	4.77428290967731e-78	1.61906966575033e-08	8.74812985743414e-73	0.0019686616770417	0.998031322132253	1	1	IL12RB2	NK	2	PF50_L10	1e-05	0.998031338291084	0.980656116967296	True
1016	1:67820194	1:67825399	1.3510027077562299e-77	1.6212450880637e-08	2.47550204895492e-72	0.0019726517897526	0.998027331997802	1	1	IL12RB2	NK	2	PF10_L5	1e-05	0.998027348178266	0.980617594421721	True
873	1:157669278	1:157668993	4.03071737309986e-26	3.4815121137229004e-21	8.35729320903379e-08	0.0062247953843879	0.993775121042679	1	1	FCRL3	B_IN	4	PF50_L10	1e-05	0.993775204095388	0.941054362045482	True
873	1:157669278	1:157668993	4.03071737309986e-26	3.4815121137229004e-21	8.35729320903379e-08	0.0062247953843879	0.993775121042679	1	1	FCRL3	B_IN	4	PF10_L20	1e-05	0.993775204095388	0.941054362045482	True
873	1:157669278	1:157668993	4.03071737309986e-26	3.4815121137229004e-21	8.35729320903379e-08	0.0062247953843879	0.993775121042679	1	1	FCRL3	B_IN	4	PF10_L10	1e-05	0.993775204095388	0.941054362045482	True
873	1:157669278	1:157668993	4.03071737309986e-26	3.4815121137229004e-21	8.35729320903379e-08	0.0062247953843879	0.993775121042679	1	1	FCRL3	B_IN	4	PF10_L5	1e-05	0.993775204095388	0.941054362045482	True
873	1:157669278	1:157668993	5.9277370949495106e-09	0.0005120053477517	1.05328619927526e-07	0.008106325680373	0.99138155771552	1	1	FCRL3	CD4_NC	4	PF50_L10	1e-05	0.991889520808566	0.924412654426355	True
873	1:157669278	1:157668993	5.9277370949495106e-09	0.0005120053477517	1.05328619927526e-07	0.008106325680373	0.99138155771552	1	1	FCRL3	CD4_NC	4	PF10_L20	1e-05	0.991889520808566	0.924412654426355	True
873	1:157669278	1:157668993	5.9277370949495106e-09	0.0005120053477517	1.05328619927526e-07	0.008106325680373	0.99138155771552	1	1	FCRL3	CD4_NC	4	PF10_L10	1e-05	0.991889520808566	0.924412654426355	True
873	1:157669278	1:157668993	5.9277370949495106e-09	0.0005120053477517	1.05328619927526e-07	0.008106325680373	0.99138155771552	1	1	FCRL3	CD4_NC	4	PF10_L5	1e-05	0.991889520808566	0.924412654426355	True
874	1:157669278	1:157668993	1.12221276130114e-10	9.6930569969891e-06	1.12963538938323e-07	0.0087659453299053	0.991224248537339	1	1	FCRL3	B_MEM	4	PF50_L10	1e-05	0.991233968709228	0.918749858627166	True
874	1:157669278	1:157668993	1.12221276130114e-10	9.6930569969891e-06	1.12963538938323e-07	0.0087659453299053	0.991224248537339	1	1	FCRL3	B_MEM	4	PF10_L20	1e-05	0.991233968709228	0.918749858627166	True
874	1:157669278	1:157668993	1.12221276130114e-10	9.6930569969891e-06	1.12963538938323e-07	0.0087659453299053	0.991224248537339	1	1	FCRL3	B_MEM	4	PF10_L10	1e-05	0.991233968709228	0.918749858627166	True
874	1:157669278	1:157668993	1.12221276130114e-10	9.6930569969891e-06	1.12963538938323e-07	0.0087659453299053	0.991224248537339	1	1	FCRL3	B_MEM	4	PF10_L5	1e-05	0.991233968709228	0.918749858627166	True
867	1:157669278	1:157625122	2.55180860129101e-10	2.20411200321049e-05	3.44292891988121e-07	0.0287669168198552	0.971210697512041	1	1	FCRL3	NK_R	4	PF50_L10	1e-05	0.971232439199077	0.771487990209318	True
867	1:157669278	1:157625122	2.55180860129101e-10	2.20411200321049e-05	3.44292891988121e-07	0.0287669168198552	0.971210697512041	1	1	FCRL3	NK_R	4	PF10_L20	1e-05	0.971232439199077	0.771487990209318	True
867	1:157669278	1:157625122	2.55180860129101e-10	2.20411200321049e-05	3.44292891988121e-07	0.0287669168198552	0.971210697512041	1	1	FCRL3	NK_R	4	PF10_L10	1e-05	0.971232439199077	0.771487990209318	True
867	1:157669278	1:157625122	2.55180860129101e-10	2.20411200321049e-05	3.44292891988121e-07	0.0287669168198552	0.971210697512041	1	1	FCRL3	NK_R	4	PF10_L5	1e-05	0.971232439199077	0.771487990209318	True
873	1:157669278	1:157668701	1.80441913132993e-16	1.5585580636052398e-11	7.03501066282867e-07	0.0598243803122989	0.940174916171047	1	1	FCRL3	NK	4	PF50_L10	1e-05	0.940175577600224	0.61113070478139	True
873	1:157669278	1:157668701	1.93882542179974e-16	1.67465082951191e-11	7.10197773427287e-07	0.0604033840766507	0.939595905708831	1	1	FCRL3	NK	4	PF10_L5	1e-05	0.939596573023958	0.608692536441635	True
873	1:157669278	1:157668701	1.85051040196113e-16	1.5983691697151198e-11	7.1055644824238e-07	0.0604343954474086	0.939564893980156	1	1	FCRL3	NK	4	PF10_L20	1e-05	0.939565561609545	0.608562412813974	True
873	1:157669278	1:157668701	1.85051040196113e-16	1.5983691697151198e-11	7.1055644824238e-07	0.0604343954474086	0.939564893980156	1	1	FCRL3	NK	4	PF10_L10	1e-05	0.939565561609545	0.608562412813974	True
873	1:157669278	1:157628559	5.4731570978927e-08	0.0047274122625888	1.14763615973563e-05	0.991261033573984	0.0040000230702587	1	2	FCRL3	CD8_ET	4	PF50_L10	1e-05	0.0040190692115953	0.000403365961304	False
873	1:157669278	1:157628559	4.63729240656682e-08	0.0040054382865155	1.14889289858311e-05	0.992346899408351	0.0036361270032249	1	2	FCRL3	CD8_ET	4	PF10_L20	1e-05	0.0036507921388234	0.000366282713729	False
873	1:157669278	1:157628559	4.63729240656682e-08	0.0040054382865155	1.14889289858311e-05	0.992346899408351	0.0036361270032249	1	2	FCRL3	CD8_ET	4	PF10_L10	1e-05	0.0036507921388234	0.000366282713729	False
873	1:157669278	1:157628559	4.63729240656682e-08	0.0040054382865155	1.14889289858311e-05	0.992346899408351	0.0036361270032249	1	2	FCRL3	CD8_ET	4	PF10_L5	1e-05	0.0036507921388234	0.000366282713729	False
